pago_id,credito_id,fecha_pago,monto_pago,metodo_pago,estado_pago,referencia_transaccion
P000001,CR00131,2025-12-08,610708,PSE,Exitoso,REF0000001
P000002,CR00025,2025-12-26,163365,PSE,Exitoso,REF0000002
P000003,CR00060,2024-12-19,515897,Efecty,Exitoso,REF0000003
P000004,CR00130,2025-06-06,785962,Transferencia,Exitoso,REF0000004
P000005,CR00005,2025-05-21,491315,PSE,Exitoso,REF0000005
P000006,CR00139,2025-08-17,685053,Transferencia,Exitoso,REF0000006
P000007,CR00054,2025-01-31,803681,PSE,Exitoso,REF0000007
P000008,CR00055,2025-08-30,258296,Transferencia,Exitoso,REF0000008
P000009,CR00104,2025-01-05,787606,Efecty,Exitoso,REF0000009
P000010,CR00021,2025-10-15,570465,Transferencia,Exitoso,REF0000010
P000011,CR00247,2025-07-19,295896,PSE,Exitoso,REF0000011
P000012,CR00046,2024-09-20,652042,Efecty,Exitoso,REF0000012
P000013,CR00047,2025-01-01,128693,PSE,Reversado,REF0000013
P000014,CR00119,2025-04-07,360401,Tarjeta,Exitoso,REF0000014
P000015,CR00052,2025-01-18,91360,Tarjeta,Exitoso,REF0000015
P000016,CR00161,2025-02-25,824415,PSE,Exitoso,REF0000016
P000017,CR00024,2024-09-16,195117,Transferencia,Exitoso,REF0000017
P000018,CR00225,2025-02-02,331342,PSE,Exitoso,REF0000018
P000019,CR00176,2024-06-07,169361,Efecty,Exitoso,REF0000019
P000020,CR00234,2025-03-16,454452,Efecty,Exitoso,REF0000020
P000021,CR00086,2025-02-10,188948,PSE,Pendiente,REF0000021
P000022,CR00082,2025-03-17,486236,Efecty,Exitoso,REF0000022
P000023,CR00225,2024-06-21,691018,Efecty,Exitoso,REF0000023
P000024,CR00015,2025-12-20,812606,Transferencia,Exitoso,REF0000024
P000025,CR00250,2024-10-16,481262,Efecty,Exitoso,REF0000025
P000026,CR00134,2025-08-17,379502,PSE,Exitoso,REF0000026
P000027,CR00115,2025-06-26,404733,PSE,Exitoso,REF0000027
P000028,CR00128,2025-04-16,-150000,Efecty,Exitoso,REF0000028
P000029,CR00028,2024-08-12,724652,Transferencia,Exitoso,REF0000029
P000030,CR00241,2025-03-22,223438,PSE,Exitoso,REF0000030
P000031,CR00165,2024-09-08,396968,Tarjeta,Exitoso,REF0000031
P000032,CR00115,2025-04-26,724567,Efecty,Exitoso,REF0000032
P000033,CR00121,2024-06-23,531395,Efecty,Exitoso,REF0000033
P000034,CR00230,2024-09-26,572669,Efecty,Exitoso,REF0000034
P000035,CR00255,2025-04-28,735111,PSE,Exitoso,REF0000035
P000036,CR00212,2024-10-29,634194,PSE,Fallido,REF0000036
P000037,CR00156,2025-03-14,639648,Transferencia,Exitoso,REF0000037
P000038,CR00234,2025-04-20,430992,PSE,Exitoso,REF0000038
P000039,CR00233,2025-01-04,637360,Efecty,Exitoso,REF0000039
P000040,CR00187,2025-10-17,524514,PSE,Exitoso,REF0000040
P000041,CR00114,2025-01-23,407938,Tarjeta,Fallido,REF0000041
P000042,CR00150,2025-11-27,597341,Tarjeta,Exitoso,REF0000042
P000043,CR00024,2024-12-05,566342,Transferencia,Fallido,REF0000043
P000044,CR00210,2024-06-27,316641,Transferencia,Exitoso,REF0000044
P000045,CR00202,2025-04-27,,Transferencia,Exitoso,REF0000045
P000046,CR00056,2025-11-22,484603,PSE,Pendiente,REF0000046
P000047,CR00064,2026-02-02,522388,Efecty,Exitoso,REF0000047
P000048,CR00259,2024-08-09,573059,PSE,Exitoso,REF0000048
P000049,CR00025,2025-11-01,503834,Efecty,Pendiente,REF0000049
P000050,CR00091,2025-10-22,656658,Transferencia,Exitoso,REF0000050
P000051,CR00066,2024-12-09,456224,Tarjeta,Exitoso,REF0000051
P000052,CR00197,2024-12-25,688576,Transferencia,Exitoso,REF0000052
P000053,CR00176,2024-08-03,524843,Transferencia,Exitoso,REF0000053
P000054,CR00154,2025-07-10,624416,Tarjeta,Exitoso,REF0000054
P000055,CR00112,2025-02-13,269899,Tarjeta,Exitoso,REF0000055
P000056,CR00068,2025-09-28,731664,Transferencia,Exitoso,REF0000056
P000057,CR00166,2026-01-22,171011,Tarjeta,Exitoso,REF0000057
P000058,CR00214,2025-05-13,834197,Tarjeta,Reversado,REF0000058
P000059,CR00217,2024-09-14,598122,PSE,Exitoso,REF0000059
P000060,CR00075,2025-01-16,752812,PSE,Exitoso,REF0000060
P000061,CR00083,2024-10-17,766586,Tarjeta,Exitoso,REF0000061
P000062,CR00032,2025-06-20,872458,Tarjeta,Exitoso,REF0000062
P000063,CR00017,2025-06-26,524579,PSE,Exitoso,REF0000063
P000064,CR00115,2025-08-03,728553,Efecty,Exitoso,REF0000064
P000065,CR00148,2025-07-20,746772,PSE,Pendiente,REF0000065
P000066,CR00199,2025-02-05,876394,Tarjeta,Pendiente,REF0000066
P000067,CR00028,2024-08-13,829794,Tarjeta,Exitoso,REF0000067
P000068,CR00227,2025-01-08,714575,Tarjeta,Exitoso,REF0000068
P000069,CR00101,2025-12-17,252897,Tarjeta,Exitoso,REF0000069
P000070,CR00039,2024-07-17,232237,PSE,Exitoso,REF0000070
P000071,CR00220,2025-02-27,633635,Tarjeta,Exitoso,REF0000071
P000072,CR00131,2024-11-11,396620,Efecty,Exitoso,REF0000072
P000073,CR00080,2024-13-01,211169,Tarjeta,Exitoso,REF0000073
P000074,CR00155,2025-10-04,878278,Tarjeta,Exitoso,REF0000074
P000075,CR00163,2025-04-17,280646,Transferencia,Exitoso,REF0000075
P000076,CR00259,2024-08-22,486135,Efecty,Exitoso,REF0000076
P000077,CR00114,2025-05-11,745556,Tarjeta,Exitoso,REF0000077
P000078,CR00151,2024-07-15,839216,Efecty,Pendiente,REF0000078
P000079,CR00005,2025-02-14,751432,Tarjeta,Exitoso,REF0000079
P000080,CR00125,2024-07-26,765706,Tarjeta,Exitoso,REF0000080
P000081,CR00059,2024-10-07,319054,Tarjeta,Exitoso,REF0000081
P000082,CR00192,2025-09-01,891814,Efecty,Exitoso,REF0000082
P000083,CR00152,2025-10-05,251863,Tarjeta,Exitoso,REF0000083
P000084,CR00050,2025-01-25,860883,PSE,Exitoso,REF0000084
P000085,CR00108,2025-08-10,710093,Transferencia,Fallido,REF0000085
P000086,CR00218,2024-05-26,265565,Efecty,Exitoso,REF0000086
P000087,CR00037,2026-02-09,769368,Transferencia,Exitoso,REF0000087
P000088,CR00170,2024-12-29,141772,PSE,Exitoso,REF0000088
P000089,CR00129,2025-03-08,123863,Transferencia,Reversado,REF0000089
P000090,CR00209,2024-09-30,523039,Efecty,Exitoso,REF0000090
P000091,CR00009,2025-08-13,756004,PSE,Exitoso,REF0000091
P000092,CR00033,2025-11-14,832186,PSE,Exitoso,REF0000092
P000093,CR00038,2025-03-24,577262,PSE,Exitoso,REF0000093
P000094,CR00155,2025-12-02,140707,Tarjeta,Exitoso,REF0000094
P000095,CR00225,2024-10-02,464306,PSE,Exitoso,REF0000095
P000096,CR00113,2024-07-19,833028,Efecty,Exitoso,REF0000096
P000097,CR00152,2025-09-26,201074,Tarjeta,Exitoso,REF0000097
P000098,CR00192,2024-12-17,630412,Transferencia,Exitoso,REF0000098
P000099,CR00003,2025-05-31,675637,Efecty,Exitoso,REF0000099
P000100,CR00044,2025-03-15,270256,Tarjeta,Exitoso,REF0000100
P000101,CR00073,2024-08-25,242930,Transferencia,Exitoso,REF0000101
P000102,CR00130,2025-01-14,170190,Transferencia,Exitoso,REF0000102
P000103,CR00028,2025-08-26,625512,Efecty,Exitoso,REF0000103
P000104,CR00038,2025-02-17,754313,PSE,Exitoso,REF0000104
P000105,CR00102,2026-02-25,658798,Efecty,Pendiente,REF0000105
P000106,CR00183,2024-09-08,753904,Transferencia,Exitoso,REF0000106
P000107,CR00036,2024-06-27,383222,Efecty,Exitoso,REF0000107
P000108,CR00157,2025-08-17,662546,Transferencia,Exitoso,REF0000108
P000109,CR00187,2025-03-26,499112,Transferencia,success,REF0000109
P000110,CR00127,2024-09-24,796794,Efecty,Exitoso,REF0000110
P000111,CR00185,2024-09-11,762591,Tarjeta,Reversado,REF0000111
P000112,CR00237,2025-04-20,426167,Tarjeta,Exitoso,REF0000112
P000113,CR00056,2025-01-28,726909,PSE,Fallido,REF0000113
P000114,CR00072,2025-05-07,255973,Tarjeta,Exitoso,REF0000114
P000115,CR00040,2025-04-15,129062,PSE,Fallido,REF0000115
P000116,CR00016,2025-06-08,657021,Efecty,Exitoso,REF0000116
P000117,CR00109,2024-08-25,628388,Tarjeta,Exitoso,REF0000117
P000118,CR00242,2025-05-25,862853,Transferencia,Exitoso,REF0000118
P000119,CR00115,2025-08-18,668241,Tarjeta,Exitoso,REF0000119
P000120,CR00257,2025-10-04,144952,Efecty,Exitoso,REF0000120
P000121,CR00006,2026-01-20,300484,Transferencia,Exitoso,REF0000121
P000122,CR00072,2025-03-21,216956,Transferencia,Exitoso,REF0000122
P000123,CR00075,2025-12-31,817562,Efecty,Pendiente,REF0000123
P000124,CR00021,2025-04-30,848461,Efecty,Exitoso,REF0000124
P000125,CR00136,2025-02-05,295386,PSE,Exitoso,REF0000125
P000126,CR00185,2025-01-19,542489,Efecty,Reversado,REF0000126
P000127,CR00021,2025-12-06,389813,PSE,Exitoso,REF0000127
P000128,CR00141,2025-05-24,326106,Transferencia,Exitoso,REF0000128
P000129,CR00194,2024-11-26,666225,PSE,Exitoso,REF0000129
P000130,CR00193,2024-12-05,591455,Efecty,Exitoso,REF0000130
P000131,CR00177,2025-05-25,881161,Efecty,Reversado,REF0000131
P000132,CR00004,2025-10-18,195718,Efecty,Exitoso,REF0000132
P000133,CR00040,2024-12-27,724734,Tarjeta,Exitoso,REF0000133
P000134,CR00096,2024-05-17,429818,PSE,Exitoso,REF0000134
P000135,CR00213,2025-06-11,805242,PSE,Exitoso,REF0000135
P000136,CR00246,2025-09-22,270939,Transferencia,Exitoso,REF0000136
P000137,CR00211,2024-12-04,305506,PSE,Exitoso,REF0000137
P000138,CR00083,2024-07-31,710120,PSE,Reversado,REF0000138
P000139,CR00076,2024-05-06,224421,Tarjeta,Pendiente,REF0000139
P000140,CR00208,2025-06-30,640982,PSE,Reversado,REF0000140
P000141,CR00146,2025-01-09,277114,Efecty,Exitoso,REF0000141
P000142,CR00242,2025-02-26,228852,Transferencia,Fallido,REF0000142
P000143,CR00074,2025-12-13,854771,Transferencia,Exitoso,REF0000143
P000144,CR00136,2024-10-24,809364,Tarjeta,Pendiente,REF0000144
P000145,CR00036,2024-07-15,446583,Efecty,Exitoso,REF0000145
P000146,CR00009,2025-05-09,598102,Efecty,Fallido,REF0000146
P000147,CR00050,2025-01-30,548985,PSE,Reversado,REF0000147
P000148,CR00258,2025-04-11,173224,PSE,Exitoso,REF0000148
P000149,CR00067,2025-09-19,615482,PSE,Reversado,REF0000149
P000150,CR00221,2025-09-03,491119,Tarjeta,Reversado,REF0000150
P000151,CR00220,2025-02-02,891272,Efecty,Exitoso,REF0000151
P000152,CR00196,2025-02-07,667661,PSE,Exitoso,REF0000152
P000153,CR00131,2025-07-11,853061,Transferencia,Reversado,REF0000153
P000154,CR00043,2024-08-24,677354,Efecty,Exitoso,REF0000154
P000155,CR00003,2025-08-09,829769,PSE,Exitoso,REF0000155
P000156,CR00061,2025-03-22,57543,Efecty,Exitoso,REF0000156
P000157,CR00162,2025-08-18,429867,PSE,Exitoso,REF0000157
P000158,CR00130,2025-02-17,612146,Efecty,Exitoso,REF0000158
P000159,CR00142,2025-09-25,466760,Transferencia,Exitoso,REF0000159
P000160,CR00248,2024-06-18,438196,Efecty,Exitoso,REF0000160
P000161,CR00158,2025-09-11,411083,Efecty,Exitoso,REF0000160
P000162,CR00061,2025-07-16,290932,Efecty,Exitoso,REF0000162
P000163,CR00083,2024-07-14,274875,Efecty,Exitoso,REF0000163
P000164,CR00027,2024-06-03,458004,PSE,Exitoso,REF0000164
P000165,CR00075,2025-08-18,679402,Efecty,Exitoso,REF0000165
P000166,CR00135,2025-06-16,438848,PSE,Exitoso,REF0000166
P000167,CR00197,2024-12-16,693789,Tarjeta,Exitoso,REF0000167
P000168,CR00030,2024-10-20,721394,Efecty,Exitoso,REF0000168
P000169,CR00104,2025-06-07,892960,Tarjeta,Exitoso,REF0000169
P000170,CR00119,2025-06-27,227715,PSE,Exitoso,REF0000170
P000171,CR00001,2024-09-07,141061,Tarjeta,Exitoso,REF0000171
P000172,CR00181,2025-04-12,464337,Efecty,Exitoso,REF0000172
P000173,CR00008,2025-06-18,787801,PSE,Reversado,REF0000173
P000174,CR00146,2025-12-03,636273,Tarjeta,Exitoso,REF0000174
P000175,CR00142,2025-02-04,685818,Transferencia,Exitoso,REF0000175
P000176,CR00207,2025-03-15,54877,Tarjeta,Exitoso,REF0000176
P000177,CR00260,2025-02-19,635766,PSE,Exitoso,REF0000177
P000178,CR00175,2024-11-13,891945,Tarjeta,Reversado,REF0000178
P000179,CR00129,2025-05-17,514276,Efecty,Exitoso,REF0000179
P000180,CR00125,2025-07-28,406160,Efecty,Exitoso,REF0000180
P000181,CR00015,2025-09-07,171916,Tarjeta,Exitoso,REF0000181
P000182,CR00113,2025-04-22,785236,Transferencia,Exitoso,REF0000182
P000183,CR00212,2025-04-09,591593,PSE,Exitoso,REF0000183
P000184,CR00135,2025-06-30,351244,PSE,Exitoso,REF0000184
P000185,CR00176,2024-04-13,631489,Transferencia,Exitoso,REF0000185
P000186,CR00182,2025-04-12,651581,Tarjeta,Exitoso,REF0000186
P000187,CR00098,2024-12-11,822918,Transferencia,Exitoso,REF0000187
P000188,CR00124,2024-11-05,266823,Transferencia,Exitoso,REF0000188
P000189,CR00128,2025-06-25,423321,Transferencia,Exitoso,REF0000189
P000190,CR00062,2024-04-10,758640,Efecty,Exitoso,REF0000190
P000191,CR00022,2024-11-23,439227,Tarjeta,Exitoso,REF0000191
P000192,CR00141,2025-01-16,241755,Tarjeta,Exitoso,REF0000192
P000193,CR00066,2024-11-13,601273,Efecty,Exitoso,REF0000193
P000194,CR00017,2025-09-08,414158,Efecty,Fallido,REF0000194
P000195,CR00090,2025-07-03,176215,Efecty,Exitoso,REF0000195
P000196,CR00005,2024-12-24,756848,Transferencia,Exitoso,REF0000196
P000197,CR00052,2024-10-29,429167,Tarjeta,Exitoso,REF0000197
P000198,CR00135,2025-06-24,332495,Efecty,Pendiente,REF0000198
P000199,CR00176,2024-09-09,242847,Efecty,Exitoso,REF0000199
P000200,CR00215,2025-08-01,838734,Tarjeta,Exitoso,REF0000200
P000201,CR00206,2025-06-20,522623,Transferencia,Exitoso,REF0000201
P000202,CR00118,2024-10-31,0,Tarjeta,Exitoso,REF0000202
P000203,CR00222,2025-03-11,255587,Transferencia,Exitoso,REF0000203
P000204,CR00077,2025-03-14,894804,PSE,Exitoso,REF0000204
P000205,CR00256,2024-08-19,711286,Tarjeta,Exitoso,REF0000205
P000206,CR00154,2024-11-21,639444,PSE,Exitoso,REF0000206
P000207,CR00084,2025-02-20,275933,Tarjeta,Exitoso,REF0000207
P000208,CR00050,2025-06-19,830762,Tarjeta,Exitoso,REF0000208
P000209,CR00185,2025-04-17,634572,Tarjeta,Exitoso,REF0000209
P000210,CR00211,2025-01-24,418145,Transferencia,Exitoso,REF0000210
P000211,CR00090,2025-04-05,422358,Tarjeta,Exitoso,REF0000211
P000212,CR00250,2025-09-01,518640,PSE,Exitoso,REF0000212
P000213,CR00147,2025-04-02,712398,Transferencia,Fallido,REF0000213
P000214,CR00173,2025-09-02,711938,Efecty,Fallido,REF0000214
P000215,CR00037,2025-03-04,219868,Tarjeta,Exitoso,REF0000215
P000216,CR00163,2025-06-21,355509,Tarjeta,Exitoso,REF0000216
P000217,CR00203,2025-02-13,516509,Tarjeta,Exitoso,REF0000217
P000218,CR00231,2024-10-05,225445,Transferencia,Fallido,REF0000218
P000219,CR00065,2026-01-10,296024,Tarjeta,Pendiente,REF0000219
P000220,CR00041,2024-07-08,225018,Efecty,Exitoso,REF0000220
P000221,CR00033,2025-06-22,625074,PSE,Exitoso,REF0000221
P000222,CR00204,2025-07-28,852156,PSE,Exitoso,REF0000222
P000223,CR00080,2024-05-29,736641,Efecty,Exitoso,REF0000223
P000224,CR00127,2025-06-15,347979,Efecty,Exitoso,REF0000224
P000225,CR00068,2025-06-26,228895,PSE,Exitoso,REF0000225
P000226,CR00183,2024-12-18,549284,Efecty,Pendiente,REF0000226
P000227,CR00140,2025-06-23,516453,Transferencia,Pendiente,REF0000227
P000228,CR00091,2025-08-31,676612,Efecty,Exitoso,REF0000228
P000229,CR00223,2024-12-04,720864,Tarjeta,Reversado,REF0000229
P000230,CR00247,2025-11-03,288161,PSE,Exitoso,REF0000230
P000231,CR00188,2025-07-26,322427,Transferencia,Exitoso,REF0000231
P000232,CR00001,2025-03-13,845128,Transferencia,Exitoso,REF0000232
P000233,CR00241,2025-04-11,58721,Efecty,Pendiente,REF0000233
P000234,CR00245,2024-08-04,59576,Efecty,Exitoso,REF0000234
P000235,CR00119,2024-08-20,624842,Tarjeta,Exitoso,REF0000235
P000236,CR00224,2025-08-21,312035,Transferencia,Exitoso,REF0000236
P000237,CR00200,2024-09-30,281307,Tarjeta,Exitoso,REF0000237
P000238,CR00123,2025-03-14,851676,Tarjeta,Exitoso,REF0000238
P000239,CR00138,2025-02-03,247132,PSE,Exitoso,REF0000239
P000240,CR00149,2024-07-07,717830,Efecty,Exitoso,REF0000240
P000241,CR00140,2025-09-09,703004,Efecty,Exitoso,REF0000241
P000242,CR00010,2025-02-24,102042,PSE,Exitoso,REF0000242
P000243,CR00053,2024-11-01,332271,Transferencia,Exitoso,REF0000243
P000244,CR00005,2025-04-16,144578,Transferencia,Exitoso,REF0000244
P000245,CR00112,2025-04-27,490656,Tarjeta,Exitoso,REF0000245
P000246,CR00256,2024-12-19,536208,PSE,Exitoso,REF0000246
P000247,CR00075,2025-01-17,329449,Efecty,Exitoso,REF0000247
P000248,CR00241,2024-10-12,251528,Tarjeta,Exitoso,REF0000248
P000249,CR00007,2024-10-08,855459,Transferencia,Exitoso,REF0000249
P000250,CR00227,2025-01-19,823449,PSE,Exitoso,REF0000250
P000251,CR00049,2025-05-25,748359,Transferencia,Exitoso,REF0000251
P000252,CR00160,2025-06-30,216316,PSE,Exitoso,REF0000252
P000253,CR00063,2024-08-03,554605,Tarjeta,Exitoso,REF0000253
P000254,CR00027,2025-02-17,278367,PSE,Exitoso,REF0000254
P000255,CR00223,2024-08-24,65799,Transferencia,Exitoso,REF0000255
P000256,CR00062,2024-09-19,877477,Transferencia,Exitoso,REF0000256
P000257,CR00022,2025-01-13,871533,Efecty,Exitoso,REF0000257
P000258,CR00080,2024-10-23,858239,PSE,Exitoso,REF0000258
P000259,CR00256,2024-07-28,769265,Tarjeta,Pendiente,REF0000259
P000260,CR00031,2024-12-11,422787,Transferencia,Exitoso,REF0000260
P000261,CR00055,2025-02-21,561540,Transferencia,Exitoso,REF0000261
P000262,CR00178,2025-04-29,818804,Transferencia,Exitoso,REF0000262
P000263,CR00194,2024-11-22,809587,Transferencia,Exitoso,REF0000263
P000264,CR00021,2025-09-13,790951,Efecty,Exitoso,REF0000264
P000265,CR00251,2024-10-17,644229,Transferencia,Exitoso,REF0000265
P000266,CR00166,2026-02-02,541147,Tarjeta,Fallido,REF0000266
P000267,CR00083,2024-06-28,606937,Transferencia,Exitoso,REF0000267
P000268,CR00135,2025-11-27,434945,Efecty,Exitoso,REF0000268
P000269,CR00260,2025-07-09,819295,Transferencia,Reversado,REF0000269
P000270,CR00187,2025-08-29,300385,Tarjeta,Exitoso,REF0000270
P000271,CR00199,2024-10-12,599526,Efecty,Exitoso,REF0000271
P000272,CR00079,2025-03-28,346882,Tarjeta,Exitoso,REF0000272
P000273,CR00165,2024-07-03,150932,PSE,Exitoso,REF0000273
P000274,CR00067,2025-02-14,82792,Transferencia,Exitoso,REF0000274
P000275,CR00099,2024-08-05,83362,Efecty,Exitoso,REF0000275
P000276,CR00132,2024-09-09,434150,Transferencia,Exitoso,REF0000276
P000277,CR00037,2025-01-29,268877,Efecty,Pendiente,REF0000277
P000278,CR00041,2024-11-17,889930,PSE,Exitoso,REF0000278
P000279,CR00213,2025-06-30,882831,PSE,Fallido,REF0000279
P000280,CR00137,2025-08-26,92627,PSE,Fallido,REF0000280
P000281,CR00040,2024-07-27,594719,PSE,Exitoso,REF0000281
P000282,CR00119,2025-05-16,454048,Transferencia,Exitoso,REF0000282
P000283,CR00128,2025-05-31,705700,Transferencia,Exitoso,REF0000283
P000284,CR00213,2026-01-10,160639,Tarjeta,Exitoso,REF0000284
P000285,CR00219,2024-10-29,224912,Transferencia,Exitoso,REF0000285
P000286,CR00259,2024-11-21,739472,Transferencia,Exitoso,REF0000286
P000287,CR00227,2025-03-14,380463,Tarjeta,Fallido,REF0000287
P000288,CR00212,2025-11-06,714001,Efecty,Fallido,REF0000288
P000289,CR00166,2025-12-01,302415,Transferencia,Exitoso,REF0000289
P000290,CR00131,2025-05-12,524379,Efecty,Pendiente,REF0000290
P000291,CR00001,2025-06-25,86346,Tarjeta,Exitoso,REF0000291
P000292,CR00070,2024-09-24,56887,Tarjeta,Pendiente,REF0000292
P000293,CR00110,2024-11-15,72755,Tarjeta,Reversado,REF0000293
P000294,CR00080,2024-06-03,89569,Efecty,Exitoso,REF0000294
P000295,CR00071,2025-05-22,434914,Transferencia,Exitoso,REF0000295
P000296,CR00154,2024-09-01,648199,Efecty,Exitoso,REF0000296
P000297,CR00112,2025-11-13,130951,Tarjeta,Exitoso,REF0000297
P000298,CR00089,2025-09-02,773092,PSE,Exitoso,REF0000298
P000299,CR00154,2024-08-04,816288,Efecty,Exitoso,REF0000299
P000300,CR00029,2025-11-14,400632,Tarjeta,Reversado,REF0000300
P000301,CR00223,2024-10-10,176395,Transferencia,Exitoso,REF0000301
P000302,CR00006,2026-01-05,865182,Efecty,Exitoso,REF0000302
P000303,CR00022,2024-09-01,616157,Transferencia,Exitoso,REF0000303
P000304,CR00114,2025-04-10,102973,Efecty,Pendiente,REF0000304
P000305,CR00259,2024-07-18,282873,Efecty,Exitoso,REF0000305
P000306,CR00202,2025-03-23,188610,Tarjeta,Exitoso,REF0000306
P000307,CR00026,2025-02-24,468582,Tarjeta,Exitoso,REF0000307
P000308,CR00257,2025-08-26,861414,Transferencia,Exitoso,REF0000308
P000309,CR00247,2025-11-13,257731,Efecty,Exitoso,REF0000309
P000310,CR00101,2025-09-24,695919,Transferencia,Exitoso,REF0000310
P000311,CR00137,2025-07-07,389121,PSE,Exitoso,REF0000311
P000312,CR00212,2025-05-15,433010,Tarjeta,Exitoso,REF0000312
P000313,CR00177,2025-07-19,737247,PSE,Exitoso,REF0000313
P000314,CR00087,2025-08-13,696154,Efecty,Exitoso,REF0000314
P000315,CR00226,2025-03-15,294831,Transferencia,Exitoso,REF0000315
P000316,CR00080,2025-05-08,813873,PSE,Exitoso,REF0000316
P000317,CR00028,2024-12-09,701168,Transferencia,Fallido,REF0000317
P000318,CR00148,2024-08-07,409946,PSE,Exitoso,REF0000318
P000319,CR00242,2024-07-06,397997,Transferencia,Exitoso,REF0000319
P000320,CR00109,2024-11-19,622967,Tarjeta,Exitoso,REF0000320
P000321,CR00073,2025-05-25,782697,PSE,Exitoso,REF0000321
P000322,CR00023,2024-11-06,228593,PSE,Exitoso,REF0000322
P000323,CR00139,2024-10-30,537546,PSE,Exitoso,REF0000323
P000324,CR00139,2025-09-07,742165,Tarjeta,Fallido,REF0000324
P000325,CR00010,2025-05-07,730956,Efecty,Exitoso,REF0000325
P000326,CR00195,2025-03-27,794162,PSE,Reversado,REF0000326
P000327,CR00249,2025-03-29,607381,PSE,Exitoso,REF0000327
P000328,CR00257,2025-09-07,637923,PSE,Exitoso,REF0000328
P000329,CR00157,2025-02-13,563731,Efecty,Exitoso,REF0000329
P000330,CR00010,2025-06-04,767552,Tarjeta,Exitoso,REF0000330
P000331,CR00155,2025-05-26,575600,Tarjeta,EXITOSO,REF0000331
P000332,CR00132,2025-03-01,80897,Tarjeta,Exitoso,REF0000332
P000333,CR00175,2025-04-04,738842,Transferencia,Exitoso,REF0000333
P000334,CR00196,2025-05-05,760929,Transferencia,Exitoso,REF0000334
P000335,CR00079,2024-12-23,377557,Tarjeta,Exitoso,REF0000335
P000336,CR00068,2025-01-13,734167,Transferencia,Exitoso,REF0000336
P000337,CR00104,2024-09-14,374008,Transferencia,Exitoso,REF0000337
P000338,CR00075,2025-11-20,642282,Transferencia,Exitoso,REF0000338
P000339,CR00061,2024-10-01,383025,Transferencia,Exitoso,REF0000339
P000340,CR00164,2025-08-13,481228,Tarjeta,Exitoso,REF0000340
P000341,CR00141,2024-07-26,866953,Transferencia,Exitoso,REF0000341
P000342,CR00095,2025-02-15,849484,Tarjeta,Exitoso,REF0000342
P000343,CR00119,2025-06-18,293461,Transferencia,Exitoso,REF0000343
P000344,CR00184,2024-10-12,771568,Efecty,Exitoso,REF0000344
P000345,CR00241,2025-07-11,731121,Tarjeta,Exitoso,REF0000345
P000346,CR00199,2025-03-15,546864,Transferencia,Exitoso,REF0000346
P000347,CR00116,2024-05-29,478436,PSE,Pendiente,REF0000347
P000348,CR00212,2025-02-01,828427,Transferencia,Exitoso,REF0000348
P000349,CR00034,2025-05-02,510623,Efecty,Exitoso,REF0000349
P000350,CR00235,2025-06-27,498324,Efecty,Exitoso,REF0000350
P000351,CR00195,2025-07-13,378096,Efecty,Exitoso,REF0000351
P000352,CR00020,2025-03-14,164626,Efecty,Exitoso,REF0000352
P000353,CR00022,2024-07-25,593899,Efecty,Pendiente,REF0000353
P000354,CR00021,2025-10-20,456216,PSE,Exitoso,REF0000354
P000355,CR00226,2025-09-12,369348,Tarjeta,Exitoso,REF0000355
P000356,CR00217,2025-02-05,692917,PSE,Exitoso,REF0000356
P000357,CR00073,2025-01-27,727486,Efecty,Exitoso,REF0000357
P000358,CR00257,2025-03-14,238503,Transferencia,Exitoso,REF0000358
P000359,CR00166,2025-09-11,76122,Transferencia,Exitoso,REF0000359
P000360,CR00104,2025-02-23,144560,Tarjeta,Exitoso,REF0000360
P000361,CR00084,2026-01-23,818881,PSE,Exitoso,REF0000361
P000362,CR00231,2025-01-26,430573,PSE,Exitoso,REF0000362
P000363,CR00197,2025-06-01,879493,Transferencia,Exitoso,REF0000363
P000364,CR00195,2024-08-01,855579,Transferencia,Reversado,REF0000364
P000365,CR00077,2024-10-06,201631,Transferencia,Exitoso,REF0000365
P000366,CR00027,2024-10-13,373026,Tarjeta,Exitoso,REF0000366
P000367,CR00229,2024-10-29,706883,Transferencia,Exitoso,REF0000367
P000368,CR00068,2025-01-11,53704,Tarjeta,Exitoso,REF0000368
P000369,CR00255,2024-12-23,619902,PSE,Exitoso,REF0000369
P000370,CR00253,2025-01-25,277408,Efecty,Exitoso,REF0000370
P000371,CR00227,2024-10-25,680421,PSE,Exitoso,REF0000371
P000372,CR00143,2025-07-07,709172,Transferencia,Exitoso,REF0000372
P000373,CR00076,2024-05-06,735010,Tarjeta,Exitoso,REF0000373
P000374,CR00017,2025-12-01,656174,Tarjeta,Exitoso,REF0000374
P000375,CR00045,2024-06-28,164176,Efecty,Pendiente,REF0000375
P000376,CR00083,2025-05-03,348194,Transferencia,Pendiente,REF0000376
P000377,CR00185,2024-07-23,147649,Tarjeta,Exitoso,REF0000377
P000378,CR00195,2024-08-13,845284,Efecty,Fallido,REF0000378
P000379,CR00034,2025-06-30,543687,Transferencia,Exitoso,REF0000379
P000380,CR00141,2024-10-25,602654,Efecty,Exitoso,REF0000380
P000381,CR00108,2025-07-11,111010,PSE,Exitoso,REF0000381
P000382,CR00045,2025-02-05,809246,Tarjeta,Exitoso,REF0000382
P000383,CR00163,2024-12-01,600912,Tarjeta,Pendiente,REF0000383
P000384,CR00255,2025-01-03,814605,Efecty,Exitoso,REF0000384
P000385,CR00093,2025-01-29,294026,Tarjeta,Pendiente,REF0000385
P000386,CR00001,2024-08-18,75151,Efecty,Exitoso,REF0000386
P000387,CR00061,2025-07-11,267402,Efecty,Exitoso,REF0000387
P000388,CR00171,2025-08-12,637638,Transferencia,Exitoso,REF0000388
P000389,CR00104,2025-06-24,345307,Tarjeta,Exitoso,REF0000389
P000390,CR00158,2025-04-22,581302,Tarjeta,Exitoso,REF0000390
P000391,CR00059,2025-03-10,399472,Tarjeta,Exitoso,REF0000391
P000392,CR00015,2025-04-03,253440,Tarjeta,Fallido,REF0000392
P000393,CR00246,2025-09-19,885981,PSE,Exitoso,REF0000393
P000394,CR00247,2025-04-20,707667,Efecty,Reversado,REF0000394
P000395,CR00172,2025-03-30,872072,Efecty,Pendiente,REF0000395
P000396,CR00029,2025-07-09,363884,Tarjeta,Exitoso,REF0000396
P000397,CR00010,2025-03-25,655445,Tarjeta,Exitoso,REF0000397
P000398,CR00182,2025-01-24,206557,Tarjeta,Fallido,REF0000398
P000399,CR00174,2025-03-21,706944,Transferencia,Exitoso,REF0000399
P000400,CR00200,2024-06-24,674103,PSE,Fallido,REF0000400
P000401,CR00158,2025-11-16,379776,PSE,Exitoso,REF0000401
P000402,CR00045,2025-02-12,299185,Tarjeta,Exitoso,REF0000402
P000403,CR00155,2025-05-16,600607,Tarjeta,Exitoso,REF0000403
P000404,CR00192,2024-12-31,865572,Transferencia,Reversado,REF0000404
P000405,CR00228,2025-11-11,76146,Efecty,Reversado,REF0000405
P000406,CR00079,2024-08-24,406637,Efecty,Exitoso,REF0000406
P000407,CR00159,2024-10-18,200255,PSE,Fallido,REF0000407
P000408,CR00068,2025-01-13,809767,PSE,Exitoso,REF0000408
P000409,CR00060,2024-05-22,376087,PSE,Exitoso,REF0000409
P000410,CR00045,2024-11-20,539554,PSE,Exitoso,REF0000410
P000411,CR00160,2025-01-27,655615,Tarjeta,Exitoso,REF0000411
P000412,CR00108,2025-02-12,260297,Transferencia,Exitoso,REF0000412
P000413,CR00164,2026-02-13,512543,PSE,Exitoso,REF0000413
P000414,CR00081,2025-03-26,170020,PSE,Pendiente,REF0000414
P000415,CR00053,2024-09-23,618882,Tarjeta,Exitoso,REF0000415
P000416,CR00139,2024-12-14,788568,Tarjeta,Exitoso,REF0000416
P000417,CR00088,2024-11-25,376503,Tarjeta,Exitoso,REF0000417
P000418,CR00026,2024-07-25,80401,Efecty,Reversado,REF0000418
P000419,CR00026,2024-07-13,452233,PSE,Exitoso,REF0000419
P000420,CR00201,2025-01-01,788908,Efecty,Exitoso,REF0000420
P000421,CR00160,2025-07-05,257772,PSE,Pendiente,REF0000421
P000422,CR00239,2025-06-19,188197,PSE,Exitoso,REF0000422
P000423,CR00240,2024-08-18,527714,Tarjeta,Exitoso,REF0000423
P000424,CR00239,2025-04-30,292948,Transferencia,Exitoso,REF0000424
P000425,CR00133,2024-12-01,461122,Transferencia,Exitoso,REF0000425
P000426,CR00170,2025-05-25,525301,Efecty,Exitoso,REF0000426
P000427,CR00244,2024-11-03,418512,Efecty,Exitoso,REF0000427
P000428,CR00088,2025-03-13,855245,Tarjeta,Exitoso,REF0000428
P000429,CR00066,2025-07-04,157932,Efecty,Exitoso,REF0000429
P000430,CR00055,2025-06-03,633165,PSE,Exitoso,REF0000430
P000431,CR00237,2025-03-28,669221,Efecty,Exitoso,REF0000431
P000432,CR00125,2025-04-12,216744,Efecty,Exitoso,REF0000432
P000433,CR00175,2024-12-30,777774,Efecty,Exitoso,REF0000433
P000434,CR00223,2024-12-26,875571,Tarjeta,Exitoso,REF0000434
P000435,CR00121,2024-08-10,744799,PSE,Exitoso,REF0000435
P000436,CR00250,2024-10-17,670928,Efecty,Exitoso,REF0000436
P000437,CR00050,2025-06-16,234731,Tarjeta,Pendiente,REF0000437
P000438,CR00036,2025-01-20,164027,Efecty,Exitoso,REF0000438
P000439,CR00032,2024-08-17,278182,Transferencia,Reversado,REF0000439
P000440,CR00001,2025-07-11,203852,Transferencia,Exitoso,REF0000440
P000441,CR00150,2025-09-07,695474,Efecty,Exitoso,REF0000441
P000442,CR00163,2024-12-22,647978,Tarjeta,Reversado,REF0000442
P000443,CR00223,2025-03-13,410987,PSE,Exitoso,REF0000443
P000444,CR00207,2024-07-29,358474,PSE,Exitoso,REF0000444
P000445,CR00028,2024-08-07,787520,Tarjeta,Exitoso,REF0000445
P000446,CR00145,2024-06-24,296668,Efecty,Exitoso,REF0000446
P000447,CR00202,2025-11-23,383580,Efecty,Exitoso,REF0000447
P000448,CR00223,2024-12-15,271476,Transferencia,Exitoso,REF0000448
P000449,CR00097,2025-02-25,453277,Tarjeta,Fallido,REF0000449
P000450,CR00079,2024-10-13,752615,Transferencia,Exitoso,REF0000450
P000451,CR00037,2025-12-20,66470,Transferencia,Exitoso,REF0000451
P000452,CR00250,2025-07-22,507949,Transferencia,Exitoso,REF0000452
P000453,CR00213,2025-08-14,877251,Efecty,Exitoso,REF0000453
P000454,CR00233,2025-04-05,494726,Efecty,Exitoso,REF0000454
P000455,CR00116,2024-08-16,495405,PSE,Exitoso,REF0000455
P000456,CR00122,2025-11-29,576100,Tarjeta,Exitoso,REF0000456
P000457,CR00188,2025-01-13,89704,Efecty,Exitoso,REF0000457
P000458,CR00058,2025-06-30,554923,PSE,Exitoso,REF0000458
P000459,CR00144,2025-06-15,592060,PSE,Exitoso,REF0000459
P000460,CR00046,2024-11-28,545401,PSE,Exitoso,REF0000460
P000461,CR00160,2025-11-25,105337,Tarjeta,Exitoso,REF0000461
P000462,CR00006,2025-10-13,526089,Efecty,Exitoso,REF0000462
P000463,CR00170,2025-07-13,420057,Tarjeta,Exitoso,REF0000463
P000464,CR00019,2025-09-23,676667,Tarjeta,Exitoso,REF0000464
P000465,CR00134,2024-10-17,709868,Efecty,Exitoso,REF0000465
P000466,CR00027,2025-02-12,355925,PSE,Exitoso,REF0000466
P000467,CR00043,2024-06-04,580155,PSE,Fallido,REF0000467
P000468,CR00143,2024-12-31,188976,Tarjeta,Exitoso,REF0000468
P000469,CR00132,2024-08-22,827444,PSE,Exitoso,REF0000469
P000470,CR00078,2025-02-23,518349,Tarjeta,Exitoso,REF0000470
P000471,CR00134,2025-09-09,297669,Efecty,Exitoso,REF0000471
P000472,CR00017,2025-06-18,138501,Transferencia,Exitoso,REF0000472
P000473,CR00079,2025-01-27,839327,Efecty,Exitoso,REF0000473
P000474,CR00122,2025-11-03,511567,Transferencia,Exitoso,REF0000474
P000475,CR00177,2024-10-15,723459,Tarjeta,Exitoso,REF0000475
P000476,CR00060,2024-06-15,225741,Efecty,Exitoso,REF0000476
P000477,CR00155,2025-09-26,832395,Transferencia,Exitoso,REF0000477
P000478,CR00200,2024-11-18,325382,Transferencia,Exitoso,REF0000478
P000479,CR00223,2024-03-17,352820,Efecty,Exitoso,REF0000479
P000480,CR00162,2025-10-19,766047,PSE,Exitoso,REF0000480
P000481,CR00182,2025-07-31,690140,Tarjeta,Exitoso,REF0000481
P000482,CR00137,2025-01-18,317747,Efecty,Exitoso,REF0000482
P000483,CR00124,2025-07-03,754527,Transferencia,Exitoso,REF0000483
P000484,CR00093,2024-08-30,624213,PSE,Exitoso,REF0000484
P000485,CR00035,2025-02-19,481225,PSE,Exitoso,REF0000485
P000486,CR00229,2024-11-30,280074,Tarjeta,Exitoso,REF0000486
P000487,CR00018,2024-04-23,699485,PSE,Exitoso,REF0000487
P000488,CR00112,2025-09-05,719078,PSE,Exitoso,REF0000488
P000489,CR00062,2024-04-14,684059,Transferencia,Exitoso,REF0000489
P000490,CR00095,2025-03-30,779445,Transferencia,Exitoso,REF0000490
P000491,CR00240,2025-06-03,129392,Efecty,Pendiente,REF0000491
P000492,CR00142,2025-11-09,497724,Tarjeta,Exitoso,REF0000492
P000493,CR00038,2025-02-10,864854,PSE,Exitoso,REF0000493
P000494,CR00171,2025-03-16,320782,Tarjeta,Exitoso,REF0000494
P000495,CR00036,2024-11-26,260416,Efecty,Exitoso,REF0000495
P000496,CR00252,2024-08-02,200861,Efecty,Exitoso,REF0000496
P000497,CR00055,2025-08-02,800151,Tarjeta,Exitoso,REF0000497
P000498,CR00038,2024-10-28,649098,Tarjeta,Exitoso,REF0000498
P000499,CR00010,2025-08-20,206085,PSE,Pendiente,REF0000499
P000500,CR00200,2024-08-04,208971,Tarjeta,Reversado,REF0000500
P000501,CR00002,2025-04-21,791978,Efecty,Exitoso,REF0000501
P000502,CR00207,2025-06-01,868871,PSE,Exitoso,REF0000502
P000503,CR00002,2025-02-13,772742,Efecty,Exitoso,REF0000503
P000504,CR00184,2025-02-19,764956,Tarjeta,Exitoso,REF0000504
P000505,CR00047,2024-10-19,610596,Tarjeta,Exitoso,REF0000505
P000506,CR00236,2025-10-24,853741,Tarjeta,Exitoso,REF0000506
P000507,CR00091,2025-08-12,91241,Efecty,Exitoso,REF0000507
P000508,CR00154,2025-07-07,459054,PSE,Exitoso,REF0000508
P000509,CR00184,2025-05-09,138984,Efecty,Exitoso,REF0000509
P000510,CR00072,2024-08-23,252472,PSE,Exitoso,REF0000510
P000511,CR00123,2025-02-28,457652,PSE,Exitoso,REF0000511
P000512,CR00158,2025-08-02,609876,Efecty,Pendiente,REF0000512
P000513,CR00009,2025-02-13,405766,PSE,Exitoso,REF0000513
P000514,CR00022,2024-10-15,173928,Transferencia,Exitoso,REF0000514
P000515,CR00235,2026-02-03,612625,Transferencia,Exitoso,REF0000515
P000516,CR00120,2024-05-15,88669,Transferencia,Exitoso,REF0000516
P000517,CR00010,2025-08-07,698410,PSE,Exitoso,REF0000517
P000518,CR00067,2024-11-22,230616,PSE,Reversado,REF0000518
P000519,CR00050,2025-06-22,690916,Transferencia,Fallido,REF0000519
P000520,CR00033,2024-12-16,169726,Efecty,Exitoso,REF0000520
P000521,CR00113,2024-06-12,893530,Transferencia,Exitoso,REF0000521
P000522,CR00206,2025-07-13,176670,Transferencia,Exitoso,REF0000522
P000523,CR00110,2025-07-03,97800,Transferencia,Exitoso,REF0000523
P000524,CR00062,2024-07-19,198097,Efecty,Exitoso,REF0000524
P000525,CR00190,2025-09-03,223021,Efecty,Exitoso,REF0000525
P000526,CR00021,2025-03-17,154823,Efecty,Exitoso,REF0000526
P000527,CR00009,2025-10-02,134643,PSE,Exitoso,REF0000527
P000528,CR00046,2025-07-22,733415,Tarjeta,Exitoso,REF0000528
P000529,CR00244,2025-08-27,183056,Transferencia,Exitoso,REF0000529
P000530,CR00139,2025-06-27,522298,Efecty,Exitoso,REF0000530
P000531,CR00090,2025-09-19,775272,PSE,Exitoso,REF0000531
P000532,CR00256,2025-04-21,142296,Tarjeta,Exitoso,REF0000532
P000533,CR00003,2025-05-23,297085,Transferencia,Exitoso,REF0000533
P000534,CR00049,2025-07-14,429481,Transferencia,Exitoso,REF0000534
P000535,CR00107,2025-07-12,105646,Transferencia,Exitoso,REF0000535
P000536,CR00077,2025-06-30,547457,Efecty,Exitoso,REF0000536
P000537,CR00023,2024-07-26,726185,Tarjeta,Exitoso,REF0000537
P000538,CR00223,2024-07-17,400533,Efecty,Exitoso,REF0000538
P000539,CR00027,2024-12-13,234431,Transferencia,Exitoso,REF0000539
P000540,CR00249,2025-02-15,171703,PSE,Reversado,REF0000540
P000541,CR00228,2025-12-25,657924,Tarjeta,Exitoso,REF0000541
P000542,CR00167,2025-06-17,866814,PSE,Exitoso,REF0000542
P000543,CR00051,2025-06-13,823584,Efecty,Fallido,REF0000543
P000544,CR00193,2024-12-03,127101,Efecty,Exitoso,REF0000544
P000545,CR00028,2025-03-18,201981,Transferencia,Pendiente,REF0000545
P000546,CR00233,2024-10-18,456145,Tarjeta,Exitoso,REF0000546
P000547,CR00100,2025-12-26,426009,Tarjeta,Exitoso,REF0000547
P000548,CR00066,2024-11-02,775835,PSE,Exitoso,REF0000548
P000549,CR00057,2025-06-16,530854,Efecty,Exitoso,REF0000549
P000550,CR00176,2024-06-26,359499,Transferencia,Exitoso,REF0000550
P000551,CR00088,2025-08-11,629606,Transferencia,Exitoso,REF0000551
P000552,CR00251,2024-10-30,670317,Efecty,Fallido,REF0000552
P000553,CR00143,2024-08-31,815479,Efecty,Exitoso,REF0000553
P000554,CR00127,2024-10-07,393194,Efecty,Exitoso,REF0000554
P000555,CR00077,2025-05-04,55324,Efecty,Pendiente,REF0000555
P000556,CR00021,2025-09-05,819105,PSE,Exitoso,REF0000556
P000557,CR00202,2025-09-09,899049,PSE,Exitoso,REF0000557
P000558,CR00124,2024-08-04,635616,PSE,Exitoso,REF0000558
P000559,CR00209,2024-07-05,189158,Tarjeta,Exitoso,REF0000559
P000560,CR00047,2024-04-23,553088,Tarjeta,Exitoso,REF0000560
P000561,CR00236,2025-07-19,833586,PSE,Pendiente,REF0000561
P000562,CR00238,2026-01-12,195357,Efecty,Exitoso,REF0000562
P000563,CR00190,2025-10-10,536849,PSE,Fallido,REF0000563
P000564,CR00037,2025-08-08,774304,Tarjeta,Exitoso,REF0000564
P000565,CR00152,2025-06-12,839460,Tarjeta,Exitoso,REF0000565
P000566,CR00107,2026-02-06,134891,Tarjeta,Exitoso,REF0000566
P000567,CR00029,2025-07-06,757424,Tarjeta,Reversado,REF0000567
P000568,CR00057,2025-05-05,433349,Efecty,Exitoso,REF0000568
P000569,CR00188,2025-07-02,233781,PSE,Exitoso,REF0000569
P000570,CR00105,2024-11-20,401199,Transferencia,Exitoso,REF0000570
P000571,CR00245,2025-03-16,838819,Transferencia,Exitoso,REF0000571
P000572,CR00116,2024-10-24,419844,Tarjeta,Exitoso,REF0000572
P000573,CR00217,2025-01-27,107105,PSE,Exitoso,REF0000573
P000574,CR00232,2024-12-23,575808,PSE,Exitoso,REF0000574
P000575,CR00150,2025-10-09,701114,Tarjeta,Exitoso,REF0000575
P000576,CR00034,2025-05-08,530115,PSE,Exitoso,REF0000576
P000577,CR00092,2025-05-07,130685,PSE,Exitoso,REF0000577
P000578,CR00058,2025-08-28,205141,Efecty,Exitoso,REF0000578
P000579,CR00105,2025-06-04,707746,PSE,Exitoso,REF0000579
P000580,CR00068,2025-05-30,413541,Efecty,Exitoso,REF0000580
P000581,CR00011,2024-08-23,248244,PSE,Exitoso,REF0000581
P000582,CR00119,2025-05-10,725987,Tarjeta,Exitoso,REF0000582
P000583,CR00176,2025-02-04,727433,Tarjeta,Exitoso,REF0000583
P000584,CR00228,2025-10-17,368853,Transferencia,Reversado,REF0000584
P000585,CR00157,2024-11-22,877607,Tarjeta,Exitoso,REF0000585
P000586,CR00191,2025-04-17,857141,PSE,Exitoso,REF0000586
P000587,CR00146,2025-07-18,224444,Transferencia,Exitoso,REF0000587
P000588,CR00147,2024-11-09,233877,Transferencia,Exitoso,REF0000588
P000589,CR00060,2024-06-10,382006,Transferencia,Exitoso,REF0000589
P000590,CR00190,2025-02-26,265120,PSE,Exitoso,REF0000590
P000591,CR00177,2024-12-02,441029,Efecty,Exitoso,REF0000591
P000592,CR00084,2025-10-21,366208,PSE,Pendiente,REF0000592
P000593,CR00208,2025-05-10,855849,Transferencia,Pendiente,REF0000593
P000594,CR00164,2025-04-03,54502,Tarjeta,Exitoso,REF0000594
P000595,CR00152,2025-07-06,353905,Transferencia,Exitoso,REF0000595
P000596,CR00227,2025-03-07,772622,PSE,Exitoso,REF0000596
P000597,CR00021,2025-03-20,760943,PSE,Exitoso,REF0000597
P000598,CR00206,2025-12-10,281069,Efecty,Exitoso,REF0000598
P000599,CR00168,2025-03-18,687692,Transferencia,Exitoso,REF0000599
P000600,CR00114,2026-02-18,341427,Transferencia,Exitoso,REF0000600
P000601,CR00229,2025-05-16,754179,PSE,Pendiente,REF0000601
P000602,CR00202,2025-04-16,564290,Tarjeta,Exitoso,REF0000602
P000603,CR00029,2025-09-22,428603,Efecty,Exitoso,REF0000603
P000604,CR00219,2025-03-14,454868,Tarjeta,Exitoso,REF0000604
P000605,CR00177,2025-03-16,373050,Efecty,Reversado,REF0000605
P000606,CR00045,2024-09-21,813209,Efecty,Exitoso,REF0000606
P000607,CR00213,2025-08-07,352654,Transferencia,Exitoso,REF0000607
P000608,CR00218,2025-04-11,484313,Transferencia,Fallido,REF0000608
P000609,CR00045,2024-08-15,267877,Tarjeta,Exitoso,REF0000609
P000610,CR00172,2024-09-08,669371,Efecty,Exitoso,REF0000610
P000611,CR00210,2025-03-27,336606,Efecty,Exitoso,REF0000611
P000612,CR00237,2025-09-02,645503,Transferencia,Exitoso,REF0000612
P000613,CR00196,2025-01-07,630771,Efecty,Exitoso,REF0000613
P000614,CR00155,2025-11-21,368677,Efecty,Exitoso,REF0000614
P000615,CR00238,2025-04-06,78143,PSE,Exitoso,REF0000615
P000616,CR00154,2025-06-08,717482,Efecty,Exitoso,REF0000616
P000617,CR00148,2025-03-01,238085,Efecty,Reversado,REF0000617
P000618,CR00126,2024-08-22,175152,Tarjeta,Exitoso,REF0000618
P000619,CR00035,2025-12-16,831782,Tarjeta,Exitoso,REF0000619
P000620,CR00224,2025-06-12,708501,Efecty,Pendiente,REF0000620
P000621,CR00062,2024-09-08,587422,PSE,Fallido,REF0000621
P000622,CR00084,2025-11-14,111352,Transferencia,Exitoso,REF0000622
P000623,CR00070,2024-10-22,221241,PSE,Exitoso,REF0000623
P000624,CR00215,2025-06-29,423276,PSE,Exitoso,REF0000624
P000625,CR00040,2024-12-27,253229,Transferencia,Exitoso,REF0000625
P000626,CR00086,2025-09-19,388277,Tarjeta,Fallido,REF0000626
P000627,CR00155,2025-06-13,768739,Tarjeta,Exitoso,REF0000627
P000628,CR00181,2024-07-17,63524,Transferencia,Exitoso,REF0000628
P000629,CR00191,2025-07-27,482007,Tarjeta,Pendiente,REF0000629
P000630,CR00084,2025-03-14,278459,Transferencia,Exitoso,REF0000630
P000631,CR00097,2025-02-27,693226,PSE,Exitoso,REF0000631
P000632,CR00040,2024-06-06,187606,PSE,Exitoso,REF0000632
P000633,CR00160,2026-01-04,430180,Transferencia,Exitoso,REF0000633
P000634,CR00176,2024-06-02,794378,Tarjeta,Exitoso,REF0000634
P000635,CR00061,2024-10-20,184966,Transferencia,Exitoso,REF0000635
P000636,CR00158,2025-01-23,270034,Transferencia,Pendiente,REF0000636
P000637,CR00218,2025-03-22,850088,PSE,Exitoso,REF0000637
P000638,CR00248,2025-04-10,502195,PSE,Exitoso,REF0000638
P000639,CR00017,2025-11-27,588421,PSE,Exitoso,REF0000639
P000640,CR00130,2024-10-29,119465,Tarjeta,Exitoso,REF0000640
P000641,CR00050,2025-01-03,681024,Transferencia,Exitoso,REF0000641
P000642,CR00103,2024-09-24,753175,Tarjeta,Exitoso,REF0000642
P000643,CR00075,2026-01-06,340849,Tarjeta,Exitoso,REF0000643
P000644,CR00257,2026-01-24,692731,Transferencia,Exitoso,REF0000644
P000645,CR00035,2025-04-04,656217,PSE,Exitoso,REF0000645
P000646,CR00099,2024-11-07,230117,PSE,Pendiente,REF0000646
P000647,CR00051,2025-06-01,578687,Efecty,Exitoso,REF0000647
P000648,CR00095,2025-09-15,756242,PSE,Exitoso,REF0000648
P000649,CR00182,2025-07-04,494692,Transferencia,Exitoso,REF0000649
P000650,CR00209,2024-05-12,848395,Tarjeta,Exitoso,REF0000650
P000651,CR00057,2025-07-14,192514,Efecty,Exitoso,REF0000651
P000652,CR00148,2025-05-12,807215,PSE,Exitoso,REF0000652
P000653,CR00253,2024-11-24,453472,Tarjeta,Exitoso,REF0000653
P000654,CR00160,2026-01-02,515521,Transferencia,Exitoso,REF0000654
P000655,CR00149,2024-12-17,247955,PSE,Reversado,REF0000655
P000656,CR00244,2025-08-20,435290,Transferencia,Exitoso,REF0000656
P000657,CR00252,2025-05-18,160280,Efecty,Exitoso,REF0000657
P000658,CR00044,2024-12-10,200331,Efecty,Exitoso,REF0000658
P000659,CR00053,2025-06-24,226919,PSE,Exitoso,REF0000659
P000660,CR00102,2025-08-11,259991,Efecty,Exitoso,REF0000660
P000661,CR00218,2025-04-09,573354,Tarjeta,Exitoso,REF0000661
P000662,CR00140,2025-10-08,877843,Efecty,Exitoso,REF0000662
P000663,CR00208,2025-05-03,586256,Tarjeta,Exitoso,REF0000663
P000664,CR00233,2024-09-12,178125,Tarjeta,Exitoso,REF0000664
P000665,CR00119,2025-07-04,191147,PSE,Exitoso,REF0000665
P000666,CR00028,2024-09-10,572332,PSE,Pendiente,REF0000666
P000667,CR00196,2025-06-17,762197,Tarjeta,Exitoso,REF0000667
P000668,CR00050,2025-11-25,130234,Efecty,Exitoso,REF0000668
P000669,CR00104,2024-12-03,744255,Efecty,Exitoso,REF0000669
P000670,CR00134,2025-06-20,410307,PSE,Pendiente,REF0000670
P000671,CR00017,2025-08-02,174921,Efecty,Exitoso,REF0000671
P000672,CR00193,2025-03-27,531984,PSE,Exitoso,REF0000672
P000673,CR00156,2025-06-23,222117,Efecty,Exitoso,REF0000673
P000674,CR00160,2026-01-17,457980,Efecty,Exitoso,REF0000674
P000675,CR00252,2025-05-11,630684,Efecty,Exitoso,REF0000675
P000676,CR00081,2025-07-23,108444,Efecty,Exitoso,REF0000676
P000677,CR00194,2025-04-03,759348,Tarjeta,Exitoso,REF0000677
P000678,CR00146,2025-05-10,114407,PSE,Exitoso,REF0000678
P000679,CR00066,2025-04-22,415823,PSE,Exitoso,REF0000679
P000680,CR00175,2025-03-28,152078,Efecty,Exitoso,REF0000680
P000681,CR00183,2025-01-31,418332,PSE,Exitoso,REF0000681
P000682,CR00127,2024-10-01,729564,Tarjeta,Exitoso,REF0000682
P000683,CR00034,2025-07-07,170031,Tarjeta,Exitoso,REF0000683
P000684,CR00167,2025-03-11,533298,Efecty,Exitoso,REF0000684
P000685,CR00216,2024-09-09,71393,Efecty,Exitoso,REF0000685
P000686,CR00163,2025-01-31,648059,Efecty,Exitoso,REF0000686
P000687,CR00051,2025-10-20,154917,Transferencia,Exitoso,REF0000687
P000688,CR00258,2025-04-17,749806,Tarjeta,Exitoso,REF0000688
P000689,CR00154,2025-01-18,507169,Transferencia,Exitoso,REF0000689
P000690,CR00039,2025-01-12,274479,Tarjeta,Exitoso,REF0000690
P000691,CR00153,2025-04-13,471556,Transferencia,Exitoso,REF0000691
P000692,CR00048,2026-02-25,656279,PSE,Exitoso,REF0000692
P000693,CR00140,2024-10-20,643943,Efecty,Exitoso,REF0000693
P000694,CR00178,2024-10-26,733185,Tarjeta,Exitoso,REF0000694
P000695,CR00154,2025-02-22,745684,Tarjeta,Exitoso,REF0000695
P000696,CR00206,2025-06-05,705322,Efecty,Exitoso,REF0000696
P000697,CR00093,2024-04-01,708342,Transferencia,Exitoso,REF0000697
P000698,CR00110,2025-05-11,828261,Efecty,Exitoso,REF0000698
P000699,CR00223,2024-12-25,811911,PSE,Exitoso,REF0000699
P000700,CR00187,2025-06-09,204920,Transferencia,Exitoso,REF0000700
P000701,CR00154,2025-02-23,480189,Tarjeta,Fallido,REF0000701
P000702,CR00033,2025-09-12,263446,Efecty,Exitoso,REF0000702
P000703,CR00147,2025-07-04,218384,Tarjeta,Exitoso,REF0000703
P000704,CR00121,2024-12-07,300067,PSE,Exitoso,REF0000704
P000705,CR00015,2025-05-09,885762,Tarjeta,Exitoso,REF0000705
P000706,CR00224,2025-09-04,728346,PSE,Exitoso,REF0000706
P000707,CR00140,2024-11-24,80557,Tarjeta,Exitoso,REF0000707
P000708,CR00143,2025-07-27,627457,Transferencia,Exitoso,REF0000708
P000709,CR00022,2025-03-26,559442,PSE,Exitoso,REF0000709
P000710,CR00043,2024-09-08,680823,Tarjeta,Fallido,REF0000710
P000711,CR00209,2024-09-18,754299,PSE,Exitoso,REF0000711
P000712,CR00072,2024-12-03,167369,PSE,Exitoso,REF0000712
P000713,CR00129,2025-02-05,144632,Transferencia,Exitoso,REF0000713
P000714,CR00161,2025-01-06,662710,Efecty,Exitoso,REF0000714
P000715,CR00121,2024-12-16,278598,Transferencia,Exitoso,REF0000715
P000716,CR00110,2024-10-25,510823,Efecty,Exitoso,REF0000716
P000717,CR00029,2025-06-24,609383,Tarjeta,Exitoso,REF0000717
P000718,CR00058,2025-02-15,622255,Efecty,Exitoso,REF0000718
P000719,CR00127,2024-10-23,872370,Transferencia,Exitoso,REF0000719
P000720,CR00189,2025-01-30,72097,PSE,Fallido,REF0000720
P000721,CR00028,2025-07-26,877119,Transferencia,Exitoso,REF0000721
P000722,CR00197,2024-10-30,719986,Tarjeta,Reversado,REF0000722
P000723,CR00063,2024-12-25,297864,Efecty,Exitoso,REF0000723
P000724,CR00202,2025-05-17,365504,PSE,Pendiente,REF0000724
P000725,CR00121,2024-10-13,270606,Transferencia,Reversado,REF0000725
P000726,CR00163,2025-08-18,725733,Efecty,Exitoso,REF0000726
P000727,CR00141,2024-06-20,867319,Efecty,Exitoso,REF0000727
P000728,CR00212,2025-03-30,802233,Efecty,Reversado,REF0000728
P000729,CR00052,2024-08-06,782411,Tarjeta,Exitoso,REF0000729
P000730,CR00181,2024-12-06,681364,Tarjeta,Exitoso,REF0000730
P000731,CR00015,2026-01-29,104629,Transferencia,Exitoso,REF0000731
P000732,CR00070,2024-04-24,470124,Transferencia,Exitoso,REF0000732
P000733,CR00161,2025-05-12,136226,PSE,Exitoso,REF0000733
P000734,CR00067,2025-09-15,769064,Efecty,Exitoso,REF0000734
P000735,CR00164,2025-09-02,551602,Transferencia,Exitoso,REF0000735
P000736,CR00168,2025-07-12,258314,PSE,Exitoso,REF0000736
P000737,CR00094,2024-12-16,445648,Transferencia,Exitoso,REF0000737
P000738,CR00012,2025-11-02,728540,Transferencia,Reversado,REF0000738
P000739,CR00237,2024-12-14,324499,Transferencia,Exitoso,REF0000739
P000740,CR00220,2025-08-11,322795,Transferencia,Exitoso,REF0000740
P000741,CR00189,2024-11-21,644797,PSE,Exitoso,REF0000741
P000742,CR00223,2025-04-10,525747,Efecty,Exitoso,REF0000742
P000743,CR00105,2024-12-17,870114,Tarjeta,Exitoso,REF0000743
P000744,CR00254,2024-12-09,186523,Efecty,Fallido,REF0000744
P000745,CR00111,2025-03-31,812008,Transferencia,Exitoso,REF0000745
P000746,CR00210,2024-07-17,80170,Tarjeta,Pendiente,REF0000746
P000747,CR00121,2025-03-26,522883,Transferencia,Exitoso,REF0000747
P000748,CR00235,2025-04-05,60821,Efecty,Exitoso,REF0000748
P000749,CR00166,2026-01-13,466866,Transferencia,Exitoso,REF0000749
P000750,CR00217,2025-09-19,676205,Tarjeta,Exitoso,REF0000750
P000751,CR00031,2024-12-07,399031,Transferencia,Exitoso,REF0000751
P000752,CR00182,2025-10-28,753375,PSE,Exitoso,REF0000752
P000753,CR00259,2025-04-15,449442,Tarjeta,Pendiente,REF0000753
P000754,CR00190,2025-01-30,636741,PSE,Exitoso,REF0000754
P000755,CR00134,2024-12-11,578216,Efecty,Pendiente,REF0000755
P000756,CR00240,2024-09-05,144002,Tarjeta,Exitoso,REF0000756
P000757,CR00222,2024-11-08,323055,PSE,Exitoso,REF0000757
P000758,CR00066,2025-06-29,344650,Tarjeta,Pendiente,REF0000758
P000759,CR00145,2024-10-21,692705,Tarjeta,Exitoso,REF0000759
P000760,CR00224,2025-04-25,380870,Efecty,Exitoso,REF0000760
P000761,CR00078,2025-01-01,739354,Efecty,Exitoso,REF0000761
P000762,CR00077,2024-08-11,291026,Transferencia,Exitoso,REF0000762
P000763,CR00134,2024-12-08,790255,Efecty,Exitoso,REF0000763
P000764,CR00254,2024-06-17,512966,Tarjeta,Pendiente,REF0000764
P000765,CR00249,2025-01-17,566935,PSE,Fallido,REF0000765
P000766,CR00076,2024-06-10,416586,PSE,Exitoso,REF0000766
P000767,CR00146,2025-02-27,226470,Tarjeta,Exitoso,REF0000767
P000768,CR00109,2025-06-01,54326,Transferencia,Exitoso,REF0000768
P000769,CR00040,2024-08-12,855572,Efecty,Exitoso,REF0000769
P000770,CR00169,2024-05-01,348090,PSE,Exitoso,REF0000770
P000771,CR00055,2025-06-02,211245,PSE,Exitoso,REF0000771
P000772,CR00246,2025-09-09,708879,Tarjeta,Exitoso,REF0000772
P000773,CR00003,2025-01-26,95976,Efecty,Exitoso,REF0000773
P000774,CR00067,2025-03-03,101047,Tarjeta,Exitoso,REF0000774
P000775,CR00029,2025-10-31,124159,Efecty,Exitoso,REF0000775
P000776,CR00131,2025-02-08,301742,Efecty,Exitoso,REF0000776
P000777,CR00107,2025-05-15,457374,Efecty,Exitoso,REF0000777
P000778,CR00079,2024-07-19,363048,Efecty,Exitoso,REF0000778
P000779,CR00159,2025-04-19,682829,Transferencia,Exitoso,REF0000779
P000780,CR00050,2025-05-08,587555,Transferencia,Exitoso,REF0000780
P000781,CR00199,2025-03-07,331521,Efecty,Exitoso,REF0000781
P000782,CR00217,2025-03-15,693687,Transferencia,Exitoso,REF0000782
P000783,CR00219,2024-10-23,92402,Tarjeta,Pendiente,REF0000783
P000784,CR00115,2025-06-15,769571,Transferencia,Pendiente,REF0000784
P000785,CR00043,2024-08-27,540963,Efecty,Exitoso,REF0000785
P000786,CR00245,2024-08-04,205825,Transferencia,Exitoso,REF0000786
P000787,CR00154,2024-11-20,598501,Efecty,Exitoso,REF0000787
P000788,CR00025,2025-10-31,130250,PSE,Exitoso,REF0000788
P000789,CR00218,2024-10-31,149074,Efecty,Exitoso,REF0000789
P000790,CR00130,2025-04-06,317240,PSE,Exitoso,REF0000790
P000791,CR00009,2025-03-25,826487,Efecty,Exitoso,REF0000791
P000792,CR00094,2024-12-16,97457,PSE,Exitoso,REF0000792
P000793,CR00153,2024-12-01,665732,Efecty,Exitoso,REF0000793
P000794,CR00231,2025-01-21,897075,Tarjeta,Exitoso,REF0000794
P000795,CR00096,2024-06-14,244078,PSE,Exitoso,REF0000795
P000796,CR00133,2025-05-08,161495,Efecty,Exitoso,REF0000796
P000797,CR00003,2025-03-01,172346,PSE,Exitoso,REF0000797
P000798,CR00245,2024-10-25,775411,Efecty,Fallido,REF0000798
P000799,CR00250,2025-01-22,698543,Tarjeta,Exitoso,REF0000799
P000800,CR00203,2025-03-01,141892,Transferencia,Exitoso,REF0000800
P000801,CR00098,2024-05-27,66656,Transferencia,Fallido,REF0000801
P000802,CR00108,2025-05-05,730130,Transferencia,Exitoso,REF0000802
P000803,CR00224,2025-12-17,878387,Transferencia,Exitoso,REF0000803
P000804,CR00238,2025-02-26,547013,Efecty,Exitoso,REF0000804
P000805,CR00086,2025-03-03,824668,Efecty,Pendiente,REF0000805
P000806,CR00242,2024-07-05,521351,Transferencia,Exitoso,REF0000806
P000807,CR00201,2024-10-28,400067,PSE,Exitoso,REF0000807
P000808,CR00222,2025-03-28,569782,Tarjeta,Exitoso,REF0000808
P000809,CR00205,2025-03-23,588292,Efecty,Exitoso,REF0000809
P000810,CR00032,2025-03-29,69943,Efecty,Exitoso,REF0000810
P000811,CR00033,2025-03-09,729792,Efecty,Reversado,REF0000811
P000812,CR00060,2025-01-28,702944,Tarjeta,Exitoso,REF0000812
P000813,CR00224,2025-02-10,219170,Tarjeta,Exitoso,REF0000813
P000814,CR00241,2025-01-04,509392,Transferencia,Exitoso,REF0000814
P000815,CR00174,2025-07-15,799940,Efecty,Exitoso,REF0000815
P000816,CR00151,2025-03-31,795941,Efecty,Pendiente,REF0000816
P000817,CR00185,2025-03-03,888603,Transferencia,Exitoso,REF0000817
P000818,CR00145,2025-05-28,835650,PSE,Exitoso,REF0000818
P000819,CR00067,2025-02-11,259174,Transferencia,Exitoso,REF0000819
P000820,CR00052,2024-12-14,567708,Tarjeta,Exitoso,REF0000820
P000821,CR00025,2025-01-31,426215,Tarjeta,Exitoso,REF0000821
P000822,CR00082,2025-04-22,577935,PSE,Exitoso,REF0000822
P000823,CR00173,2025-09-07,169505,Transferencia,Exitoso,REF0000823
P000824,CR00115,2025-03-25,320346,Tarjeta,Exitoso,REF0000824
P000825,CR00024,2025-10-11,634080,Tarjeta,Reversado,REF0000825
P000826,CR00054,2025-05-11,102871,Efecty,Exitoso,REF0000826
P000827,CR00057,2024-12-14,869621,PSE,Fallido,REF0000827
P000828,CR00022,2024-12-06,160531,Transferencia,Exitoso,REF0000828
P000829,CR00106,2025-02-17,214660,Tarjeta,Exitoso,REF0000829
P000830,CR00260,2025-09-08,818136,PSE,Exitoso,REF0000830
P000831,CR00187,2025-04-05,194464,PSE,Fallido,REF0000831
P000832,CR00225,2024-10-19,856584,PSE,Exitoso,REF0000832
P000833,CR00243,2024-10-29,350687,Transferencia,Exitoso,REF0000833
P000834,CR00191,2025-11-22,841512,Efecty,Exitoso,REF0000834
P000835,CR00126,2024-10-24,839794,Efecty,Exitoso,REF0000835
P000836,CR00071,2025-08-14,483491,Efecty,Reversado,REF0000836
P000837,CR00186,2024-12-01,514077,Transferencia,Exitoso,REF0000837
P000838,CR00036,2024-05-02,404737,Tarjeta,Exitoso,REF0000838
P000839,CR00085,2025-03-20,114454,Efecty,Exitoso,REF0000839
P000840,CR00078,2025-01-11,110617,Tarjeta,Exitoso,REF0000840
P000841,CR00156,2025-07-01,828774,Tarjeta,Reversado,REF0000841
P000842,CR00005,2025-05-10,603429,Transferencia,Exitoso,REF0000842
P000843,CR00229,2025-04-29,265098,Efecty,Exitoso,REF0000843
P000844,CR00208,2024-12-07,366178,PSE,Exitoso,REF0000844
P000845,CR00172,2025-02-21,810321,Transferencia,Exitoso,REF0000845
P000846,CR00146,2025-03-16,147328,Tarjeta,Exitoso,REF0000846
P000847,CR00082,2025-02-03,79246,Tarjeta,Exitoso,REF0000847
P000848,CR00156,2025-07-03,493281,PSE,Exitoso,REF0000848
P000849,CR00191,2025-04-02,707446,Tarjeta,Exitoso,REF0000849
P000850,CR00064,2025-08-20,362434,PSE,Exitoso,REF0000850
P000851,CR00121,2025-05-30,659845,Transferencia,Exitoso,REF0000851
P000852,CR00146,2025-11-03,872911,Transferencia,Exitoso,REF0000852
P000853,CR00127,2024-07-26,393772,Transferencia,Fallido,REF0000853
P000854,CR00185,2025-02-22,152747,Transferencia,Exitoso,REF0000854
P000855,CR00211,2025-01-03,146729,PSE,Exitoso,REF0000855
P000856,CR00067,2025-07-16,275217,Efecty,Exitoso,REF0000856
P000857,CR00207,2025-03-22,636120,Efecty,Reversado,REF0000857
P000858,CR00256,2025-05-03,493990,Efecty,Exitoso,REF0000858
P000859,CR00251,2025-07-21,487174,Transferencia,Exitoso,REF0000859
P000860,CR00066,2025-06-22,795695,Efecty,Exitoso,REF0000860
P000861,CR00061,2025-06-19,272971,Efecty,Exitoso,REF0000861
P000862,CR00081,2025-08-19,437272,PSE,Exitoso,REF0000862
P000863,CR00210,2024-06-29,176737,Tarjeta,Exitoso,REF0000863
P000864,CR00021,2025-10-02,210751,PSE,Exitoso,REF0000864
P000865,CR00192,2025-05-16,358261,Efecty,Exitoso,REF0000865
P000866,CR00074,2025-05-01,871866,Efecty,Exitoso,REF0000866
P000867,CR00157,2025-01-19,276053,Transferencia,Exitoso,REF0000867
P000868,CR00251,2024-07-13,178270,Tarjeta,Exitoso,REF0000868
P000869,CR00023,2025-01-28,554550,Tarjeta,Exitoso,REF0000869
P000870,CR00173,2025-08-11,548312,Transferencia,Exitoso,REF0000870
P000871,CR00259,2025-04-23,533326,Efecty,Exitoso,REF0000871
P000872,CR00077,2025-07-22,391013,PSE,Exitoso,REF0000872
P000873,CR00210,2024-11-18,294131,Efecty,Exitoso,REF0000873
P000874,CR00024,2025-08-21,514620,Tarjeta,Exitoso,REF0000874
P000875,CR00085,2025-08-07,76008,Tarjeta,Exitoso,REF0000875
P000876,CR00064,2025-11-28,636523,PSE,Exitoso,REF0000876
P000877,CR00028,2025-05-25,597098,Transferencia,Exitoso,REF0000877
P000878,CR00258,2024-03-31,176126,Transferencia,Pendiente,REF0000878
P000879,CR00141,2024-08-23,307201,Efecty,Exitoso,REF0000879
P000880,CR00165,2024-11-29,667499,PSE,Exitoso,REF0000880
P000881,CR00012,2025-07-14,508245,Transferencia,Exitoso,REF0000881
P000882,CR00163,2025-02-02,319670,PSE,Exitoso,REF0000882
P000883,CR00051,2025-11-16,226324,Tarjeta,Exitoso,REF0000883
P000884,CR00131,2025-12-07,143982,Transferencia,Exitoso,REF0000884
P000885,CR00209,2025-02-26,227409,PSE,Exitoso,REF0000885
P000886,CR00167,2025-05-23,78491,PSE,Exitoso,REF0000886
P000887,CR00051,2025-07-25,199380,Efecty,Reversado,REF0000887
P000888,CR00133,2024-12-07,176842,PSE,Exitoso,REF0000888
P000889,CR00122,2025-08-09,583328,Efecty,Pendiente,REF0000889
P000890,CR00138,2024-08-07,383799,Efecty,Exitoso,REF0000890
P000891,CR00034,2025-10-06,80310,Efecty,Exitoso,REF0000891
P000892,CR00010,2025-04-25,630990,PSE,Exitoso,REF0000892
P000893,CR00065,2025-06-07,645848,Efecty,Exitoso,REF0000893
P000894,CR00257,2025-04-30,870910,Transferencia,Exitoso,REF0000894
P000895,CR00087,2025-06-20,613646,Efecty,Pendiente,REF0000895
P000896,CR00232,2024-05-10,51049,Efecty,Pendiente,REF0000896
P000897,CR00149,2025-04-11,225512,PSE,Exitoso,REF0000897
P000898,CR00247,2025-06-19,676909,Tarjeta,Fallido,REF0000898
P000899,CR00195,2025-01-05,712917,Transferencia,Exitoso,REF0000899
P000900,CR00145,2024-07-02,219257,PSE,Exitoso,REF0000900
P000901,CR00203,2025-09-20,178950,Transferencia,Exitoso,REF0000901
P000902,CR00144,2025-05-29,271092,Tarjeta,Reversado,REF0000902
P000903,CR00176,2025-01-25,324056,Efecty,Exitoso,REF0000903
P000904,CR00165,2024-10-29,270855,Efecty,Pendiente,REF0000904
P000905,CR00169,2024-04-26,775452,Transferencia,Exitoso,REF0000905
P000906,CR00002,2025-06-08,549676,PSE,Reversado,REF0000906
P000907,CR00089,2025-07-26,632788,Efecty,Exitoso,REF0000907
P000908,CR00042,2025-08-20,732902,PSE,Exitoso,REF0000908
P000909,CR00228,2026-02-04,179410,Tarjeta,Pendiente,REF0000909
P000910,CR00193,2025-06-16,425354,Efecty,Exitoso,REF0000910
P000911,CR00005,2025-02-19,535168,Tarjeta,Pendiente,REF0000911
P000912,CR00228,2025-03-01,282281,PSE,Exitoso,REF0000912
P000913,CR00184,2024-12-09,144336,Tarjeta,Exitoso,REF0000913
P000914,CR00114,2025-05-21,567795,Tarjeta,Exitoso,REF0000914
P000915,CR00253,2025-09-21,791309,Transferencia,Exitoso,REF0000915
P000916,CR00203,2024-11-23,340819,Efecty,Exitoso,REF0000916
P000917,CR00100,2026-01-09,824703,Transferencia,Exitoso,REF0000917
P000918,CR00066,2025-11-02,118209,Transferencia,Exitoso,REF0000918
P000919,CR00117,2025-07-16,814305,Tarjeta,Exitoso,REF0000919
P000920,CR00012,2026-01-10,760656,Tarjeta,Exitoso,REF0000920
P000921,CR00233,2024-07-20,497861,PSE,Fallido,REF0000921
P000922,CR00166,2025-09-02,476640,Tarjeta,Exitoso,REF0000922
P000923,CR00239,2025-05-13,429030,PSE,Reversado,REF0000923
P000924,CR00115,2024-08-12,341433,Efecty,Exitoso,REF0000924
P000925,CR00162,2025-01-23,460893,Transferencia,Exitoso,REF0000925
P000926,CR00013,2025-12-31,286588,Efecty,Pendiente,REF0000926
P000927,CR00128,2024-11-21,222471,Tarjeta,Exitoso,REF0000927
P000928,CR00050,2024-11-15,553281,Efecty,Exitoso,REF0000928
P000929,CR00172,2024-12-12,309159,PSE,Exitoso,REF0000929
P000930,CR00175,2024-10-12,399792,Transferencia,Pendiente,REF0000930
P000931,CR00225,2025-04-16,150318,Efecty,Exitoso,REF0000931
P000932,CR00044,2024-11-10,84963,Efecty,Exitoso,REF0000932
P000933,CR00034,2025-04-07,115014,Efecty,Exitoso,REF0000933
P000934,CR00222,2024-09-30,156773,PSE,Exitoso,REF0000934
P000935,CR00151,2024-10-07,471195,PSE,Exitoso,REF0000935
P000936,CR00211,2025-03-22,678700,PSE,Exitoso,REF0000936
P000937,CR00238,2025-07-20,700338,PSE,Exitoso,REF0000937
P000938,CR00014,2025-04-13,592337,Tarjeta,Exitoso,REF0000938
P000939,CR00056,2024-12-22,62885,PSE,Exitoso,REF0000939
P000940,CR00100,2025-11-26,182101,Tarjeta,Exitoso,REF0000940
P000941,CR00247,2026-02-06,701009,Efecty,Exitoso,REF0000941
P000942,CR00071,2025-01-29,113429,Transferencia,Exitoso,REF0000942
P000943,CR00224,2025-10-20,733362,Tarjeta,Exitoso,REF0000943
P000944,CR00075,2025-03-05,542331,Tarjeta,Exitoso,REF0000944
P000945,CR00150,2025-08-27,58474,Transferencia,Exitoso,REF0000945
P000946,CR00260,2025-10-09,107259,Efecty,Exitoso,REF0000946
P000947,CR00103,2025-05-15,261037,PSE,Exitoso,REF0000947
P000948,CR00244,2025-08-28,775447,Efecty,Exitoso,REF0000948
P000949,CR00170,2025-10-02,643595,Tarjeta,Exitoso,REF0000949
P000950,CR00215,2025-01-23,220162,PSE,Exitoso,REF0000950
P000951,CR00022,2024-11-30,280063,PSE,Exitoso,REF0000951
P000952,CR00118,2025-05-06,704227,Transferencia,Exitoso,REF0000952
P000953,CR00170,2025-12-23,444172,Transferencia,Exitoso,REF0000953
P000954,CR00004,2025-08-08,60372,PSE,Exitoso,REF0000954
P000955,CR00059,2024-06-04,354691,Efecty,Exitoso,REF0000955
P000956,CR00185,2024-07-27,81127,Transferencia,Exitoso,REF0000956
P000957,CR00090,2025-03-03,324725,Transferencia,Exitoso,REF0000957
P000958,CR00126,2024-11-07,255507,PSE,Exitoso,REF0000958
P000959,CR00135,2025-04-15,72013,Transferencia,Exitoso,REF0000959
P000960,CR00057,2025-04-12,270449,Tarjeta,Exitoso,REF0000960
P000961,CR00190,2025-06-02,743013,Transferencia,Pendiente,REF0000961
P000962,CR00223,2025-03-10,118553,PSE,Exitoso,REF0000962
P000963,CR00067,2025-02-20,250992,Efecty,Exitoso,REF0000963
P000964,CR00163,2025-05-24,500405,Transferencia,Pendiente,REF0000964
P000965,CR00097,2025-02-15,358472,Transferencia,Exitoso,REF0000965
P000966,CR00028,2025-06-25,884259,Tarjeta,Reversado,REF0000966
P000967,CR00251,2024-10-27,812627,PSE,Exitoso,REF0000967
P000968,CR00034,2025-04-27,583320,Efecty,Exitoso,REF0000968
P000969,CR00192,2025-08-24,594098,Efecty,Exitoso,REF0000969
P000970,CR00192,2025-09-07,778246,Efecty,Exitoso,REF0000970
P000971,CR00254,2025-01-25,331370,Efecty,Exitoso,REF0000971
P000972,CR00019,2025-01-17,280189,Transferencia,Exitoso,REF0000972
P000973,CR00121,2024-12-02,279212,Tarjeta,Exitoso,REF0000973
P000974,CR00194,2025-03-11,214845,Tarjeta,Exitoso,REF0000974
P000975,CR00044,2024-12-17,838133,PSE,Exitoso,REF0000975
P000976,CR00181,2024-08-30,662328,PSE,Exitoso,REF0000976
P000977,CR00173,2025-09-05,523066,Efecty,Exitoso,REF0000977
P000978,CR00189,2025-05-07,382420,Tarjeta,Exitoso,REF0000978
P000979,CR00092,2025-07-25,295147,Tarjeta,Exitoso,REF0000979
P000980,CR00184,2024-10-14,358824,PSE,Exitoso,REF0000980
P000981,CR00117,2024-12-11,174348,PSE,Exitoso,REF0000981
P000982,CR00103,2024-12-09,256198,Tarjeta,Exitoso,REF0000982
P000983,CR00141,2024-08-15,789919,Transferencia,Pendiente,REF0000983
P000984,CR00134,2024-09-20,857483,Tarjeta,Exitoso,REF0000984
P000985,CR00178,2025-04-11,475468,PSE,Exitoso,REF0000985
P000986,CR00077,2025-02-03,288633,Transferencia,Exitoso,REF0000986
P000987,CR00108,2025-05-01,295076,Efecty,Exitoso,REF0000987
P000988,CR00237,2025-02-25,880382,PSE,Exitoso,REF0000988
P000989,CR00097,2024-12-22,857540,Efecty,Exitoso,REF0000989
P000990,CR00231,2024-12-18,81566,Tarjeta,Exitoso,REF0000990
P000991,CR00066,2025-03-22,823644,PSE,Exitoso,REF0000991
P000992,CR00182,2025-06-13,286444,Efecty,Exitoso,REF0000992
P000993,CR00207,2025-06-19,866466,Tarjeta,Exitoso,REF0000993
P000994,CR00012,2025-11-07,873507,PSE,Pendiente,REF0000994
P000995,CR00079,2024-11-04,645791,Efecty,Pendiente,REF0000995
P000996,CR00105,2025-03-30,116803,Efecty,Exitoso,REF0000996
P000997,CR00056,2025-04-17,647179,Efecty,Exitoso,REF0000997
P000998,CR00156,2024-08-13,229750,PSE,Exitoso,REF0000998
P000999,CR00091,2024-11-18,772494,Efecty,Exitoso,REF0000999
P001000,CR00102,2025-03-26,454639,Tarjeta,Exitoso,REF0001000
P001001,CR00150,2026-01-23,599868,PSE,Exitoso,REF0001001
P001002,CR00189,2025-05-18,61583,Transferencia,Exitoso,REF0001002
P001003,CR00211,2025-06-11,214663,PSE,Exitoso,REF0001003
P001004,CR00215,2025-04-09,829241,PSE,Exitoso,REF0001004
P001005,CR00106,2024-10-21,265667,Tarjeta,Exitoso,REF0001005
P001006,CR00244,2024-11-27,683035,Tarjeta,Exitoso,REF0001006
P001007,CR00258,2025-03-23,768102,Efecty,Exitoso,REF0001007
P001008,CR00004,2025-04-18,517383,PSE,Fallido,REF0001008
P001009,CR00127,2025-02-27,394867,Efecty,Exitoso,REF0001009
P001010,CR00021,2026-01-20,145528,Tarjeta,Exitoso,REF0001010
P001011,CR00234,2025-04-23,784335,Tarjeta,Exitoso,REF0001011
P001012,CR00090,2025-06-11,311236,Transferencia,Reversado,REF0001012
P001013,CR00222,2025-04-19,453350,Transferencia,Exitoso,REF0001013
P001014,CR00049,2025-03-21,782582,PSE,Exitoso,REF0001014
P001015,CR00081,2025-03-26,708592,Tarjeta,Exitoso,REF0001015
P001016,CR00035,2026-02-05,811830,Transferencia,Reversado,REF0001016
P001017,CR00211,2025-12-18,629677,PSE,Pendiente,REF0001017
P001018,CR00040,2025-04-29,160335,Tarjeta,Exitoso,REF0001018
P001019,CR00085,2024-12-17,267445,PSE,Exitoso,REF0001019
P001020,CR00038,2025-08-15,778221,Efecty,Exitoso,REF0001020
P001021,CR00205,2024-10-25,465943,PSE,Exitoso,REF0001021
P001022,CR00059,2025-03-22,193110,Tarjeta,Exitoso,REF0001022
P001023,CR00238,2025-08-18,533767,PSE,Exitoso,REF0001023
P001024,CR00125,2025-07-06,508986,Transferencia,Exitoso,REF0001024
P001025,CR00143,2024-11-14,228875,PSE,Exitoso,REF0001025
P001026,CR00091,2025-04-01,180182,Efecty,Exitoso,REF0001026
P001027,CR00006,2026-01-27,336525,Transferencia,Exitoso,REF0001027
P001028,CR00092,2025-03-31,799115,PSE,Reversado,REF0001028
P001029,CR00111,2025-06-21,780587,PSE,Fallido,REF0001029
P001030,CR00053,2024-12-26,773880,Tarjeta,Exitoso,REF0001030
P001031,CR00003,2024-09-04,859930,Efecty,Exitoso,REF0001031
P001032,CR00128,2025-02-20,300127,Transferencia,Exitoso,REF0001032
P001033,CR00216,2024-05-10,65267,Tarjeta,Fallido,REF0001033
P001034,CR00033,2025-02-12,151295,Transferencia,Exitoso,REF0001034
P001035,CR00023,2025-01-27,587395,PSE,Exitoso,REF0001035
P001036,CR00166,2025-11-07,707233,Transferencia,Exitoso,REF0001036
P001037,CR00203,2025-05-05,176672,Transferencia,Exitoso,REF0001037
P001038,CR00183,2024-12-17,232055,PSE,Exitoso,REF0001038
P001039,CR00162,2025-01-27,458091,Transferencia,Exitoso,REF0001039
P001040,CR00034,2026-01-03,341983,Tarjeta,Exitoso,REF0001040
P001041,CR00112,2025-06-01,366181,Efecty,Pendiente,REF0001041
P001042,CR00053,2025-06-09,612227,Transferencia,Exitoso,REF0001042
P001043,CR00049,2025-07-05,390110,Efecty,Exitoso,REF0001043
P001044,CR00069,2025-06-11,233847,Tarjeta,Pendiente,REF0001044
P001045,CR00247,2025-03-06,401383,PSE,Exitoso,REF0001045
P001046,CR00230,2025-02-23,585849,Transferencia,Exitoso,REF0001046
P001047,CR00007,2024-12-04,72243,PSE,Exitoso,REF0001047
P001048,CR00220,2025-10-30,305376,PSE,Exitoso,REF0001048
P001049,CR00192,2025-08-24,361023,Transferencia,Exitoso,REF0001049
P001050,CR00105,2025-08-05,89748,Transferencia,Pendiente,REF0001050
P001051,CR00228,2026-03-10,394656,Transferencia,Exitoso,REF0001051
P001052,CR00021,2025-10-01,880241,Efecty,Exitoso,REF0001052
P001053,CR00148,2025-08-19,74844,Transferencia,Fallido,REF0001053
P001054,CR00170,2025-06-03,304016,Transferencia,Exitoso,REF0001054
P001055,CR00128,2025-07-30,780100,Transferencia,Exitoso,REF0001055
P001056,CR00196,2025-05-05,387260,Transferencia,Exitoso,REF0001056
P001057,CR00004,2025-03-09,565524,PSE,Pendiente,REF0001057
P001058,CR00027,2025-01-31,198407,Transferencia,Exitoso,REF0001058
P001059,CR00089,2025-10-26,625507,Transferencia,Exitoso,REF0001059
P001060,CR00041,2024-10-27,810206,Efecty,Exitoso,REF0001060
P001061,CR00102,2025-06-24,494613,Transferencia,Exitoso,REF0001061
P001062,CR00156,2024-11-20,654422,Efecty,Pendiente,REF0001062
P001063,CR00104,2024-11-22,869240,Efecty,Exitoso,REF0001063
P001064,CR00185,2025-01-24,446065,Transferencia,Exitoso,REF0001064
P001065,CR00217,2025-05-24,688996,Efecty,Exitoso,REF0001065
P001066,CR00247,2025-02-10,848940,Efecty,Exitoso,REF0001066
P001067,CR00043,2025-04-24,364815,Transferencia,Exitoso,REF0001067
P001068,CR00090,2025-03-22,448930,Efecty,Exitoso,REF0001068
P001069,CR00146,2025-06-07,639448,Efecty,Exitoso,REF0001069
P001070,CR00070,2025-04-24,542053,Transferencia,Exitoso,REF0001070
P001071,CR00098,2024-04-02,63457,Tarjeta,Exitoso,REF0001071
P001072,CR00213,2025-07-14,828246,Tarjeta,Exitoso,REF0001072
P001073,CR00158,2025-10-14,666886,PSE,Exitoso,REF0001073
P001074,CR00020,2024-08-23,453519,Transferencia,Exitoso,REF0001074
P001075,CR00224,2025-06-10,858735,Tarjeta,Exitoso,REF0001075
P001076,CR00251,2025-06-02,771933,Tarjeta,Exitoso,REF0001076
P001077,CR00198,2025-01-22,821399,Transferencia,Exitoso,REF0001077
P001078,CR00018,2024-10-13,711601,PSE,Exitoso,REF0001078
P001079,CR00076,2024-08-19,684845,Efecty,Pendiente,REF0001079
P001080,CR00076,2024-08-16,309433,Transferencia,Exitoso,REF0001080
P001081,CR00048,2026-01-18,796176,Efecty,Exitoso,REF0001081
P001082,CR00042,2025-06-14,247995,Efecty,Exitoso,REF0001082
P001083,CR00219,2025-01-13,775443,Tarjeta,Exitoso,REF0001083
P001084,CR00196,2025-06-08,372939,Efecty,Exitoso,REF0001084
P001085,CR00046,2024-09-19,717083,Tarjeta,Exitoso,REF0001085
P001086,CR00138,2025-07-25,269703,Efecty,Exitoso,REF0001086
P001087,CR00004,2025-05-01,565609,PSE,Exitoso,REF0001087
P001088,CR00214,2025-02-25,487090,Tarjeta,Exitoso,REF0001088
P001089,CR00088,2025-01-18,442850,Transferencia,Exitoso,REF0001089
P001090,CR00102,2025-10-26,240824,PSE,Exitoso,REF0001090
P001091,CR00109,2024-11-10,260701,PSE,Exitoso,REF0001091
P001092,CR00099,2024-10-26,478649,Efecty,Exitoso,REF0001092
P001093,CR00056,2025-09-21,224195,PSE,Exitoso,REF0001093
P001094,CR00194,2024-07-25,340206,PSE,Exitoso,REF0001094
P001095,CR00121,2025-01-13,558763,PSE,Exitoso,REF0001095
P001096,CR00137,2025-12-18,57577,PSE,Exitoso,REF0001096
P001097,CR00004,2025-08-15,682275,Tarjeta,Pendiente,REF0001097
P001098,CR00243,2025-05-30,403401,Efecty,Exitoso,REF0001098
P001099,CR00176,2024-08-14,301235,Tarjeta,Exitoso,REF0001099
P001100,CR00194,2025-03-31,110022,Tarjeta,Reversado,REF0001100
P001101,CR00052,2024-05-17,529114,Efecty,Exitoso,REF0001101
P001102,CR00072,2024-08-18,681147,PSE,Fallido,REF0001102
P001103,CR00144,2025-10-13,837941,Transferencia,Exitoso,REF0001103
P001104,CR00244,2025-05-28,483194,Transferencia,Exitoso,REF0001104
P001105,CR00165,2024-05-16,714563,Tarjeta,Reversado,REF0001105
P001106,CR00167,2026-02-02,515888,Transferencia,Exitoso,REF0001106
P001107,CR00205,2025-07-31,692349,PSE,Exitoso,REF0001107
P001108,CR00244,2025-08-10,783478,PSE,Exitoso,REF0001108
P001109,CR00151,2025-01-30,254553,Transferencia,Fallido,REF0001109
P001110,CR00259,2024-06-18,184072,Efecty,Exitoso,REF0001110
P001111,CR00155,2026-01-05,625402,Efecty,Exitoso,REF0001111
P001112,CR00229,2024-08-02,555590,Transferencia,Exitoso,REF0001112
P001113,CR00088,2025-11-09,741792,PSE,Exitoso,REF0001113
P001114,CR00015,2025-03-27,392360,Efecty,Exitoso,REF0001114
P001115,CR00113,2025-05-14,320143,Efecty,Pendiente,REF0001115
P001116,CR00064,2025-12-09,192350,Efecty,Exitoso,REF0001116
P001117,CR00171,2025-06-08,653950,PSE,Exitoso,REF0001117
P001118,CR00194,2025-05-25,829058,Efecty,Exitoso,REF0001118
P001119,CR00224,2025-05-30,284410,Tarjeta,Exitoso,REF0001119
P001120,CR00045,2024-07-30,143469,Tarjeta,Exitoso,REF0001120
P001121,CR00097,2025-06-02,171746,Tarjeta,Exitoso,REF0001121
P001122,CR00161,2025-02-01,654941,PSE,Exitoso,REF0001122
P001123,CR00098,2024-10-15,494280,Tarjeta,Exitoso,REF0001123
P001124,CR00065,2025-09-26,745984,Transferencia,Exitoso,REF0001124
P001125,CR00005,2025-09-19,532977,Tarjeta,Exitoso,REF0001125
P001126,CR00152,2025-02-26,574112,Efecty,Exitoso,REF0001126
P001127,CR00146,2025-02-09,833349,PSE,Exitoso,REF0001127
P001128,CR00159,2025-01-16,772049,PSE,Exitoso,REF0001128
P001129,CR00245,2025-01-21,276183,Efecty,Exitoso,REF0001129
P001130,CR00193,2024-09-12,899566,Tarjeta,Exitoso,REF0001130
P001131,CR00108,2025-09-11,899785,Transferencia,Exitoso,REF0001131
P001132,CR00027,2024-06-12,561185,Efecty,Exitoso,REF0001132
P001133,CR00082,2025-02-03,624559,Efecty,Exitoso,REF0001133
P001134,CR00243,2024-11-02,844520,Efecty,Exitoso,REF0001134
P001135,CR00145,2024-10-31,780203,Transferencia,Exitoso,REF0001135
P001136,CR00202,2025-02-25,187259,Tarjeta,Exitoso,REF0001136
P001137,CR00028,2025-08-05,368844,Efecty,Exitoso,REF0001137
P001138,CR00071,2025-08-21,779762,Efecty,Exitoso,REF0001138
P001139,CR00075,2025-04-06,278732,Transferencia,Exitoso,REF0001139
P001140,CR00005,2025-06-21,811221,PSE,Exitoso,REF0001140
P001141,CR00076,2024-10-17,497858,Transferencia,Pendiente,REF0001141
P001142,CR00050,2025-05-02,546894,Transferencia,Pendiente,REF0001142
P001143,CR00061,2025-03-19,731676,Tarjeta,Exitoso,REF0001143
P001144,CR00077,2025-06-01,807649,Efecty,Exitoso,REF0001144
P001145,CR00061,2024-10-30,465912,Efecty,Exitoso,REF0001145
P001146,CR00089,2025-11-26,831399,Efecty,Exitoso,REF0001146
P001147,CR00046,2025-03-20,731900,Efecty,Exitoso,REF0001147
P001148,CR00228,2025-09-01,62166,PSE,Exitoso,REF0001148
P001149,CR00063,2024-12-02,722566,Transferencia,Exitoso,REF0001149
P001150,CR00246,2025-06-09,777424,PSE,Exitoso,REF0001150
P001151,CR00093,2024-10-05,557711,Efecty,Exitoso,REF0001151
P001152,CR00065,2025-02-22,391027,PSE,Exitoso,REF0001152
P001153,CR00095,2025-08-28,784781,PSE,Exitoso,REF0001153
P001154,CR00251,2024-08-13,594107,PSE,Exitoso,REF0001154
P001155,CR00107,2026-01-24,173025,Transferencia,Fallido,REF0001155
P001156,CR00093,2024-03-25,631667,Efecty,Exitoso,REF0001156
P001157,CR00063,2024-04-16,185073,Transferencia,Exitoso,REF0001157
P001158,CR00045,2025-03-17,319232,PSE,Exitoso,REF0001158
P001159,CR00064,2025-09-19,363081,Tarjeta,Pendiente,REF0001159
P001160,CR00088,2025-05-24,740130,PSE,Exitoso,REF0001160
P001161,CR00024,2025-06-04,870827,Tarjeta,Exitoso,REF0001161
P001162,CR00228,2025-05-07,655103,Efecty,Exitoso,REF0001162
P001163,CR00181,2025-03-11,614353,Transferencia,Exitoso,REF0001163
P001164,CR00023,2024-10-28,88518,Transferencia,Exitoso,REF0001164
P001165,CR00111,2025-01-14,681394,Transferencia,Exitoso,REF0001165
P001166,CR00143,2024-10-28,814521,Efecty,Exitoso,REF0001166
P001167,CR00131,2025-03-22,450327,Transferencia,Exitoso,REF0001167
P001168,CR00043,2024-08-09,759388,Efecty,Pendiente,REF0001168
P001169,CR00074,2025-11-19,263660,PSE,Exitoso,REF0001169
P001170,CR00138,2025-05-27,780650,Transferencia,Exitoso,REF0001170
P001171,CR00084,2025-08-23,210947,Tarjeta,Pendiente,REF0001171
P001172,CR00223,2024-09-21,77168,Transferencia,Exitoso,REF0001172
P001173,CR00064,2025-10-02,165333,Efecty,Exitoso,REF0001173
P001174,CR00046,2025-01-27,399718,Tarjeta,Exitoso,REF0001174
P001175,CR00116,2024-09-30,60342,PSE,Exitoso,REF0001175
P001176,CR00114,2025-08-03,160103,PSE,Exitoso,REF0001176
P001177,CR00157,2025-06-24,895989,Efecty,Exitoso,REF0001177
P001178,CR00179,2025-09-28,649951,Tarjeta,Exitoso,REF0001178
P001179,CR00051,2025-03-08,229041,Tarjeta,Pendiente,REF0001179
P001180,CR00200,2024-06-21,411940,Efecty,Exitoso,REF0001180
P001181,CR00066,2025-02-26,59958,Transferencia,Exitoso,REF0001181
P001182,CR00074,2025-08-30,645130,Tarjeta,Exitoso,REF0001182
P001183,CR00190,2025-11-21,865297,Transferencia,Exitoso,REF0001183
P001184,CR00215,2025-08-04,530024,Transferencia,Exitoso,REF0001184
P001185,CR00182,2025-08-18,576625,Tarjeta,Exitoso,REF0001185
P001186,CR00220,2025-07-01,803367,Transferencia,Exitoso,REF0001186
P001187,CR00045,2024-11-06,476261,Tarjeta,Fallido,REF0001187
P001188,CR00041,2024-05-01,815411,Transferencia,Pendiente,REF0001188
P001189,CR00085,2025-05-31,110200,PSE,Exitoso,REF0001189
P001190,CR00253,2024-10-01,494579,Transferencia,Exitoso,REF0001190
P001191,CR00064,2025-07-29,64575,Transferencia,Reversado,REF0001191
P001192,CR00004,2026-02-04,495622,Tarjeta,Exitoso,REF0001192
P001193,CR00022,2025-01-26,520445,Transferencia,Exitoso,REF0001193
P001194,CR00116,2024-08-10,128771,Tarjeta,Fallido,REF0001194
P001195,CR00181,2024-05-31,493256,Efecty,Exitoso,REF0001195
P001196,CR00192,2025-02-07,404375,Transferencia,Fallido,REF0001196
P001197,CR00061,2024-11-24,363710,Efecty,Exitoso,REF0001197
P001198,CR00110,2024-06-08,823876,Efecty,Exitoso,REF0001198
P001199,CR00157,2025-07-22,590571,PSE,Pendiente,REF0001199
P001200,CR00250,2024-09-18,423024,PSE,Exitoso,REF0001200
P999901,CR99999,2024-09-20,100000,PSE,Exitoso,REF999901
P000001,CR00131,2025-12-08,610708,PSE,Exitoso,REF0000001
